bac,nsnp,f_min,f_median,f_mean,ivw_q,ivw_q_df,ivw_q_p,ivw_i2,egger_q,egger_q_df,egger_q_p,egger_i2,egger_intercept,egger_intercept_se,egger_intercept_p
class.Actinobacteria.id.419,10,19.5001578418758,20.2432076413001,21.6400110877588,8.21854984698383,9,0.512280701392979,0,7.65438601200314,8,0.46793751173257,0,-0.0147268753796663,0.0196068574066545,0.474100062274257
class.Alphaproteobacteria.id.2379,6,19.2554279984268,22.0727962000993,22.2613067711556,8.53857235758273,5,0.128945881387474,0.414422014523339,7.70020278225249,4,0.103198415368546,0.480533160864381,0.0317963039821243,0.0481814616955855,0.545363105891092
class.Bacilli.id.1673,17,19.0950382954307,21.5141670672761,21.5786119528158,12.4964011256637,16,0.709160455390654,0,11.5786077830933,15,0.710604190028704,0,-0.0131625946873257,0.0137394407895878,0.353242741892829
class.Bacteroidia.id.912,10,18.687182233009,20.2890917166195,20.591685523034,9.26083032650408,9,0.413554101097423,0.0281648963762561,7.91899501261017,8,0.441422749542959,0,0.0166617848115687,0.0143837429281152,0.280119222811642
class.Betaproteobacteria.id.2867,12,18.600689214147,21.3599187376764,21.6674323323739,11.2862915463567,11,0.419599802711199,0.0253663078949166,11.0741800347788,10,0.351767985530588,0.0969986067957485,-0.00942375350378771,0.0215326552997049,0.670941740879977
class.Clostridia.id.1859,12,18.4661980837462,21.6102730768804,21.8347667131978,19.3548394688507,11,0.055013913649411,0.431666688958946,16.4863682857635,10,0.0865304275686685,0.393438274174956,-0.0236707565948924,0.0179452450258626,0.216556414803879
class.Coriobacteriia.id.809,13,19.3938653973339,20.3278091310944,20.9514056611817,8.82271437409812,12,0.717993773828889,0,8.78470371301765,11,0.641757501859198,0,-0.00494040652651096,0.0253401963265733,0.848976039927649
class.Deltaproteobacteria.id.3087,13,18.9684946113607,20.5882967331845,21.057277222939,11.1019394647952,12,0.52020326864435,0,11.0881573070994,11,0.435907577054411,0.00795058228863695,0.00183074715621206,0.0156568037346586,0.909023273078549
class.Erysipelotrichia.id.2147,12,19.3853525761714,21.1449873086748,22.0432548746011,27.1215533064141,11,0.00440484632338555,0.594418510041658,18.194614614161,10,0.051768171898999,0.450386819833109,-0.0726927801767823,0.0328179488264822,0.0511231410802346
class.Gammaproteobacteria.id.3303,6,19.6823383697537,20.5965978027729,20.9296848036575,5.33469200659898,5,0.376413041405008,0.0627387684584167,5.32833946730658,4,0.255235670337983,0.249297079410378,-0.00215735007705296,0.0312401342721058,0.948258639528357
class.Lentisphaeria.id.2250,8,20.233448203411,21.8897533530336,21.847486350208,8.09248167113116,7,0.324509692049027,0.134999585482961,6.91144328436294,6,0.329114631831854,0.131874522710049,-0.0302911904405657,0.029915280800034,0.350344948936297
class.Melainabacteria.id.1589,8,19.5141236594377,20.5946191782403,22.3804924230384,17.4392840394087,7,0.0147729498434959,0.598607374925389,17.3534663786489,6,0.00806832827767224,0.654247752634471,-0.00636234755995999,0.036935718184572,0.868900724160073
class.Methanobacteria.id.119,10,19.8563535881858,21.1931835511524,22.0884994927597,5.39775309890189,9,0.798348963854157,0,4.47659724682965,8,0.811769888819531,0,0.0288494227367267,0.030058726011437,0.365276828532677
class.Mollicutes.id.3920,11,19.0019042489958,20.875258528203,21.4826129823147,9.08186403030193,10,0.524352433532404,0,7.39587163614879,9,0.595976015356394,0,0.0259567055505459,0.0199904129225496,0.226413131585042
class.Negativicutes.id.2164,12,17.6810832384633,21.8437223183945,21.6689579284337,8.10014423135186,11,0.704305948640821,0,7.62866038936749,10,0.665057377480119,0,-0.0124022676850129,0.0180620771849963,0.50791429267854
class.Verrucomicrobiae.id.4029,10,19.2902464395949,22.5005085672078,22.2319153180323,10.0021635169319,9,0.350310091344788,0.100194674405731,8.97272128634163,8,0.344602387740612,0.108408726327242,0.0210359751615434,0.0219572908474102,0.366095937983719
family.Acidaminococcaceae.id.2166,7,19.7782091445229,21.313536721947,21.296602658616,5.2861539932535,6,0.50766987224314,0,3.98821203686903,5,0.551114381395304,0,0.0306744009224009,0.0269245500266034,0.306210576323675
family.Actinomycetaceae.id.421,3,20.2967168422657,20.6051285727885,20.9439000187145,0.16184819266351,2,0.922263691985236,0,0.0460017859214314,1,0.830172551780659,0,0.0196333287839088,0.0576836397124561,0.791148536090104
family.Alcaligenaceae.id.2875,12,19.5913699722818,21.279272088134,21.9425109530493,10.7837409682786,11,0.46155473435569,0,6.30006979497257,10,0.78945414587987,0,0.0549557746254697,0.0259535312528799,0.0602799400462484
family.Bacteroidaceae.id.917,8,20.0399211209517,22.0532181462218,22.7914234397799,10.5720469370599,7,0.158406033038927,0.337876568116457,4.29016953697048,6,0.637472629589397,0,0.090222045066833,0.0359971351760778,0.046129239355589
family.BacteroidalesS24.7group.id.11173,8,19.62834819603,23.1906791723754,23.1418705514833,4.00124807677074,7,0.779633642875677,0,3.51008371470957,6,0.742627621203151,0,0.0204037202331987,0.0291136017013107,0.50966013912607
family.Bifidobacteriaceae.id.433,9,18.8692868617856,20.4541670341326,20.8634030629937,5.09132442503081,8,0.747772158710003,0,4.84376914029074,7,0.679022004597307,0,-0.0172350326646241,0.0346398505681202,0.634048134760695
family.Christensenellaceae.id.1866,10,19.6836005739695,20.7202480737397,21.2394907618734,20.8231494437085,9,0.0134592343294437,0.567788723587188,18.4060576924479,8,0.0183799408375742,0.565360484375617,-0.0207020388649805,0.0201977014028912,0.335368402849151
family.Clostridiaceae1.id.1869,10,19.0425273085853,20.3200780429898,20.2816740423407,20.9345207315032,9,0.0129443525888635,0.570088080093641,19.338436993617,8,0.0131507954250652,0.58631610183178,0.0230699339072427,0.028391229830714,0.439972072436054
family.ClostridialesvadinBB60group.id.11286,14,19.145366230005,21.7672374672835,21.9286583403541,10.5728758518413,13,0.646550498432895,0,10.5263473672861,12,0.569885942940091,0,0.00351082326733165,0.0162760686907443,0.832840894373883
family.Coriobacteriaceae.id.811,13,19.3938653973339,20.3278091310944,20.9514056611817,8.82271437409812,12,0.717993773828889,0,8.78470371301765,11,0.641757501859198,0,-0.00494040652651096,0.0253401963265733,0.848976039927649
family.Defluviitaleaceae.id.1924,11,18.2927552086168,21.9690517162498,22.186516640298,6.04690034626877,10,0.811307600380124,0,5.66537355007099,9,0.77288543670175,0,0.0144070310138698,0.0233244798903705,0.552093631302628
family.Desulfovibrionaceae.id.3169,10,20.2943845058987,21.2830680560259,21.684389941333,10.1810331997968,9,0.336029430679184,0.116003275563461,10.1656163768458,8,0.253593755640933,0.213033454791623,-0.00203734859121784,0.0184965088944706,0.915005262208727
family.Enterobacteriaceae.id.3469,6,19.470643980072,20.5327381634764,21.1141305192434,4.34224196651831,5,0.501264129115799,0,2.30280542153207,4,0.680258328738573,0,-0.0742293650543008,0.0519781295325671,0.226454121692195
family.Erysipelotrichaceae.id.2149,12,19.3853525761714,21.1449873086748,22.0432548746011,27.1215533064141,11,0.00440484632338555,0.594418510041658,18.194614614161,10,0.051768171898999,0.450386819833109,-0.0726927801767823,0.0328179488264822,0.0511231410802346
family.FamilyXI.id.1936,7,20.0682694335488,21.7953719121887,21.9918200671956,2.58307619437913,6,0.859056715030237,0,1.86528150797217,5,0.867454189510066,0,-0.0370575145597167,0.0437397371017465,0.435534475403678
family.FamilyXIII.id.1957,8,20.3111317360115,21.9670888805581,21.815207869383,9.45790892504922,7,0.221429435534422,0.259878684022793,6.7980237304517,6,0.33993053570132,0.117390547914235,-0.0370300222672647,0.0241678624270132,0.17635868024825
family.Lachnospiraceae.id.1987,16,16.9128587115881,20.2559461802552,20.6513548257947,27.3287311917656,15,0.0261693318517069,0.451127097897628,27.1340250001625,14,0.0184954254141014,0.484042636508363,0.00535039772325834,0.0168806543804618,0.755955348012926
family.Lactobacillaceae.id.1836,7,19.7740213701397,21.5699080599685,22.1440280379137,20.3343457178318,6,0.00241422686031754,0.704932724009977,17.5077572027704,5,0.00363100653095304,0.714412306379894,0.0401923935051899,0.0447345249860833,0.410114623785092
family.Methanobacteriaceae.id.121,10,19.8563535881858,21.1931835511524,22.0884994927597,5.39775309890189,9,0.798348963854157,0,4.47659724682965,8,0.811769888819531,0,0.0288494227367267,0.030058726011437,0.365276828532677
family.Oxalobacteraceae.id.2966,14,19.3875595558063,20.9630636374291,22.1898904491235,14.294114935795,13,0.353461913390266,0.0905348069193361,12.7480627003139,12,0.387615448737234,0.0586805005513088,-0.0286074051409046,0.0237136200653086,0.250920442507561
family.Pasteurellaceae.id.3689,14,18.4970219026569,21.1237825235275,21.2298649478245,15.2174572904802,13,0.293974824476885,0.145717990078893,13.8804063830216,12,0.308410464789904,0.13547199780272,0.0161571402767914,0.0150279932614513,0.303456047266503
family.Peptococcaceae.id.2024,8,20.787774838991,22.2298090779299,22.612060014262,12.5129496097192,7,0.0849026970762285,0.440579542127869,10.9673479092847,6,0.0893908421007447,0.452921522173969,0.0206927477370091,0.0225032142453231,0.393276856951204
family.Peptostreptococcaceae.id.2042,14,18.8774525088944,21.7466634721886,22.6664801750715,24.9139856764736,13,0.023691696280874,0.478204725297086,24.7963517276424,12,0.0158179318879123,0.516057840612791,0.00421809073096907,0.0176788027467399,0.815444783505938
family.Porphyromonadaceae.id.943,8,19.140267427991,19.8360668712708,20.5030098667151,6.55120065334953,7,0.477052616516225,0,5.86301383779678,6,0.438709166901089,0,-0.0234109534059811,0.0282205794338515,0.438533307455887
family.Prevotellaceae.id.960,15,19.7156822493923,21.6663273064272,22.4369445418865,10.0369003158653,14,0.759480682163298,0,9.94282649287502,13,0.698602835584263,0,-0.00559558716537167,0.0182436305455364,0.763918113125873
family.Rhodospirillaceae.id.2717,14,19.3214574189025,20.8458263058691,21.3509314533079,15.3002851690283,13,0.288983531624689,0.150342633723237,14.0807800902754,12,0.295579585960485,0.147774489547806,0.0322093182598237,0.0315945708651714,0.328099699406669
family.Rikenellaceae.id.967,17,19.0052126643908,21.0384712493596,21.7692548413256,12.1041645343734,16,0.736778651270437,0,12.0832174428058,15,0.672719507192724,0,-0.00231923221287266,0.0160244218309632,0.886849931919772
family.Ruminococcaceae.id.2050,8,19.6816749404971,20.9108280260202,21.9981767968733,6.47755387009066,7,0.485219781880615,0,5.52095027172046,6,0.478928204901357,0,-0.0167789748606041,0.0171553434978278,0.36581627541628
family.Streptococcaceae.id.1850,12,19.5148500986362,21.4668410643321,22.8016070486447,15.3712784190742,11,0.166122660411591,0.284379626723166,15.3200049400778,10,0.12082329001932,0.347258696122247,-0.00603654507411211,0.0329967759145999,0.858498207828654
family.Veillonellaceae.id.2172,19,18.9896680589286,20.9906833490851,21.229632242409,26.9820805961181,18,0.0793322031011015,0.332890585072612,26.4118192478017,17,0.0672773357817164,0.356348767932184,-0.00750714382456135,0.0123911742874893,0.552620881582383
family.Verrucomicrobiaceae.id.4036,10,19.2957691741456,22.4925495440956,22.2195077790955,10.0021914532962,9,0.350307830470804,0.100197187583919,8.97338641867006,8,0.344546026082714,0.108474813549189,0.021025451841889,0.0219539155239337,0.366253481985433
family.Victivallaceae.id.2255,9,19.809245282223,23.3488891730212,23.0215099234346,15.8373825272891,8,0.044767697557337,0.494866024343648,11.9185192863491,7,0.103270447140438,0.412678720248627,0.0574599563034064,0.0378745402047204,0.173024722466493
family.unknownfamily.id.1000001214,8,19.6026702232854,20.4666631767047,22.4275980126468,18.0367006290998,7,0.0118055092041495,0.611902412534006,17.4375613594587,6,0.00780277302156024,0.655915189267828,0.0172907472106163,0.0380817693112864,0.665759560455998
family.unknownfamily.id.1000005471,11,19.5510220750277,20.0545985976356,20.7369761594646,27.8172748456668,10,0.00193090443319931,0.640511155191116,21.6051056099569,9,0.0102183999900719,0.583431797905572,0.0409018181035559,0.025425992573964,0.142151540222539
family.unknownfamily.id.1000006161,12,20.2557932319905,21.959212209044,22.5001280183428,6.44563481919324,11,0.842039116204587,0,3.83865680124126,10,0.954332035795974,0,-0.0373375401856611,0.0231247485154435,0.137468271923892
genus..Clostridiuminnocuumgroup.id.14397,9,19.4478330992132,20.3566851644264,20.7563346202097,4.69544171738671,8,0.78957629993724,0,4.68339383199889,7,0.698535754720902,0,-0.00356464022026546,0.0324758322378,0.915677924452388
genus..Eubacteriumbrachygroup.id.11296,10,19.844909504766,20.4469046063696,20.6766297911771,4.46013992074122,9,0.878607468861265,0,3.25368868120762,8,0.917443340552862,0,-0.025931331553444,0.023608583531142,0.303990716194382
genus..Eubacteriumcoprostanoligenesgroup.id.11375,13,19.0592397455503,20.6233505557983,21.7418886135504,7.28269836000523,12,0.838380186661779,0,7.2051240478204,11,0.782237128203843,0,0.00585438874431983,0.0210195101304208,0.785778100496728
genus..Eubacteriumeligensgroup.id.14372,8,17.7845037669523,19.8839865457158,20.6902575168774,3.36605043507787,7,0.849202956362884,0,3.00005728220029,6,0.80883964097382,0,0.020245625680891,0.0334653000076061,0.567356581733595
genus..Eubacteriumfissicatenagroup.id.14373,8,19.4424671528838,21.4978572621258,21.4393769649595,11.5215040298214,7,0.117433613735157,0.392440432960688,11.4675913745656,6,0.0749562296848495,0.476786379630895,-0.00886198679241585,0.052765033352345,0.872139311992344
genus..Eubacteriumhalliigroup.id.11338,14,18.4952386761383,20.4515529867859,21.0521609791922,16.1635170956217,13,0.240412681844217,0.195719599695205,15.5260616098114,12,0.213919800261018,0.227105991102285,-0.0101003888238353,0.0143897480776119,0.496120888862473
genus..Eubacteriumnodatumgroup.id.11297,11,19.4253234992079,20.3166166760978,21.5794700181106,7.21915415249001,10,0.704606132621273,0,7.18777793107733,9,0.617576106983456,0,0.00482433357807638,0.0272356038688153,0.863325919679975
genus..Eubacteriumoxidoreducensgroup.id.11339,3,20.2851645821144,22.0865436409693,21.5675636347668,4.25180321027457,2,0.119325335417425,0.529611343449067,4.24150355731419,1,0.0394472175159836,0.764234548789764,-0.00314301658835998,0.0637815831868167,0.968654129314357
genus..Eubacteriumrectalegroup.id.14374,8,19.3489235848631,20.7925745030612,21.4804712092204,10.72960635744,7,0.150856057193931,0.347599551483442,10.7295993608522,6,0.0971017152961435,0.440799250912249,6.01732821458704e-05,0.0304212239170388,0.998485907757236
genus..Eubacteriumruminantiumgroup.id.11340,17,19.1655220172955,21.227526485911,21.1602771339698,9.31231840682821,16,0.899996329881236,0,7.22410284598965,15,0.951129967231243,0,-0.0242289194704342,0.0167666532428845,0.169005767799863
genus..Eubacteriumventriosumgroup.id.11341,14,18.907866075476,20.9051801788379,21.362609887216,15.7931586226372,13,0.26047986560745,0.176858770900562,15.792381423262,12,0.200931507145283,0.24013993340332,-0.000725963116738473,0.0298731847253319,0.981011556246575
genus..Eubacteriumxylanophilumgroup.id.14375,7,18.887759782147,21.7489679573294,22.0643853148527,7.41610399851743,6,0.284072972487958,0.190949857067879,6.48064017295302,5,0.262217028970836,0.228471282687855,0.0238460816955931,0.0280690349094618,0.434356088350119
genus..Ruminococcusgauvreauiigroup.id.11342,10,18.8592914186933,21.4693861374219,21.7141508665132,21.264655202609,9,0.0115257593906191,0.576762476783739,21.2126379881474,8,0.00660351913308013,0.622866330700122,0.00828826983459663,0.0591756016780539,0.89207294357309
genus..Ruminococcusgnavusgroup.id.14376,12,19.2970782087222,21.0038543964442,21.8976443755189,13.1345709853136,11,0.284621022109611,0.162515470638543,11.6338885951563,10,0.310305821323007,0.140442173035469,-0.030726177974918,0.0270536955889339,0.282548937509243
genus..Ruminococcustorquesgroup.id.14377,7,19.6147244014966,20.3594338114764,20.8337707037087,3.76422763253209,6,0.708546695408517,0,3.49326284354481,5,0.624407289822064,0,-0.0117011752916913,0.0224787965037019,0.624905889168355
genus.Actinomyces.id.423,6,19.5655368544016,20.8412536793179,20.9005659138284,3.87810415295524,5,0.567096219135118,0,3.8746376082452,4,0.423237576826052,0,-0.00184859109901061,0.0313973109843606,0.955873834218233
genus.Adlercreutzia.id.812,8,19.0604097149714,20.7873377840282,21.1463087383291,5.40790923066425,7,0.610313735181573,0,5.24500278556884,6,0.512795501388508,0,0.0127091807934211,0.0314882427186534,0.700485460988851
genus.Akkermansia.id.4037,10,19.3807879348523,22.5582952087505,22.2241829261098,10.0037882227406,9,0.35017862058828,0.100340810939878,8.98630448366573,8,0.343452613352526,0.109756406035264,0.020902807429037,0.0219627365597676,0.369094152753429
genus.Alistipes.id.968,13,18.0418240949826,20.1557152450943,20.5613860299534,11.2417068872746,12,0.508325872711958,0,8.1587387738258,11,0.699017615860706,0,-0.0457982828318842,0.0260834286377657,0.106883974720955
genus.Allisonella.id.2174,8,19.6730536304677,21.2394052160514,22.6494731534396,1.95767409790274,7,0.962145784719021,0,1.92817266063371,6,0.926184524499442,0,0.00761813401601331,0.0443534106056114,0.86927299728003
genus.Alloprevotella.id.961,6,20.0182113860023,20.3777259413829,21.2007324800233,5.74566178193691,5,0.331758968475557,0.129778224030017,5.74060507715406,4,0.219375619848018,0.303209340088759,-0.00500337651999899,0.0842904215910643,0.955513564900275
genus.Anaerofilum.id.2053,11,20.1968799192922,22.0707830304098,22.5368966282897,6.14645274450801,10,0.8028124376181,0,5.66943559222524,9,0.772492204880402,0,0.0200598291807175,0.029044254443974,0.507196289575393
genus.Anaerostipes.id.1991,11,18.9442420257382,21.7319950735608,21.6638344973561,11.0044528688588,10,0.357171187421767,0.0912769476891759,6.18861347217723,9,0.720902712975883,0,-0.0437203199041846,0.0199226604626814,0.0558389172706171
genus.Anaerotruncus.id.2054,12,18.2724450902909,20.645535426276,20.9721004572497,6.92580990398519,11,0.805059336051851,0,6.6061793955032,10,0.762027087290366,0,-0.0102486300822684,0.0181276582453682,0.584290385079229
genus.Bacteroides.id.918,8,20.0399211209517,22.0532181462218,22.7914234397799,10.5720469370599,7,0.158406033038927,0.337876568116457,4.29016953697048,6,0.637472629589397,0,0.090222045066833,0.0359971351760778,0.046129239355589
genus.Barnesiella.id.944,12,20.1528882721131,21.4561886162207,21.9222857696207,8.33216345429051,11,0.683276257253753,0,7.93986169337643,10,0.634711227747415,0,0.0131623760736369,0.0210147470312001,0.545123128066451
genus.Bifidobacterium.id.436,10,19.7034223103551,20.9287908507663,20.8010186688938,9.16639835431618,9,0.422058226841386,0.0181530790921635,9.16244611855003,8,0.328778188270806,0.126870718093127,-0.000980304815918937,0.0166878519258973,0.954597175038849
genus.Bilophila.id.3170,12,19.2832683477601,21.0770953117304,21.1027852940216,30.3160924308504,11,0.00141316647482696,0.63715640381126,27.0737856161028,10,0.00253524274425784,0.630639019537325,0.0467947058700259,0.0427606363982718,0.299463801560267
genus.Blautia.id.1992,10,19.2773937363079,21.3030775273769,21.7092632582198,5.85022261538894,9,0.754810054661241,0,5.84334084608036,8,0.664774929521147,0,0.00128171469594575,0.0154504562591441,0.935924327529167
genus.Butyricicoccus.id.2055,8,19.6424436246447,20.4458130336902,20.9164057319813,12.8975479057037,7,0.0746443124689569,0.457261174668372,11.3688947136729,6,0.0776228241027434,0.47224421097118,-0.0181908665505115,0.0202526753568453,0.403682601907754
genus.Butyricimonas.id.945,12,19.210830690994,20.8321850882767,21.7196888906313,13.7669144815345,11,0.246160448783545,0.200982906173038,12.9067354376254,10,0.228933202690688,0.225210739901879,0.020269623795492,0.0248290134253145,0.433305942738177
genus.Butyrivibrio.id.1993,13,19.9608547822967,20.8023057291312,21.5113264069054,13.3583376818856,12,0.343541978870703,0.101684634288561,13.3003772045994,11,0.274147108316738,0.172955786833167,-0.00634781349835047,0.0289930442475411,0.830704093738088
genus.CandidatusSoleaferrea.id.11350,10,18.9706101414386,20.8770486201607,21.8249841311688,7.50518276679198,9,0.584673767987568,0,7.31186207677337,8,0.50338911386604,0,-0.0146909323142142,0.0334125936877275,0.671802702545677
genus.Catenibacterium.id.2153,4,20.6518344593594,21.094440682851,21.2932524199257,5.98646117432683,3,0.112270779508421,0.498869212939088,5.9626989119374,2,0.0507243373989492,0.664581420337027,-0.0169886849001799,0.190292779610991,0.936997351236728
genus.ChristensenellaceaeR.7group.id.11283,9,19.602495440885,20.2180751231371,20.3712968208267,7.99592504065051,8,0.433868277625408,0,3.88297243252951,7,0.793153793022107,0,-0.0513739222527707,0.0253317895561223,0.0821498279710738
genus.Clostridiumsensustricto1.id.1873,6,19.9973691955369,21.3656785923007,21.1469980324631,5.15949556419121,5,0.396727048247161,0.0309130150819721,5.12036091500384,4,0.275169165377606,0.218805067377364,0.00426998365379836,0.0244211314462127,0.869692644333381
genus.Collinsella.id.815,8,19.5448345981158,20.4744209507304,20.8948877097785,3.93735349056236,7,0.786964161522135,0,3.89609259008113,6,0.690735550784961,0,-0.00517976100598847,0.025500011187173,0.845748662714776
genus.Coprobacter.id.949,11,19.378297870447,20.9942211685558,21.1862348194865,18.8995404523388,10,0.0415573809449884,0.470886605670747,15.5301088822976,9,0.0773665407724469,0.420480560167941,-0.039285754827475,0.0281140088514383,0.1957911422141
genus.Coprococcus1.id.11301,12,19.324572958469,21.3438291009103,21.8977963147014,8.67062827188665,11,0.652265246218964,0,4.57923150662492,10,0.917458559076679,0,0.0283547290667445,0.0140181177337818,0.0706586469271797
genus.Coprococcus2.id.11302,8,19.2730459352641,20.2737624357475,20.7674396486018,7.22673396922892,7,0.405660511819897,0.0313743345464696,3.86731285527439,6,0.694626972760785,0,-0.0951521013916383,0.0519141993198079,0.116523426584884
genus.Coprococcus3.id.11303,8,18.8068568419197,20.7167737657592,21.1872862329437,11.9001178776492,7,0.103891762223344,0.411770532698049,11.63244308847,6,0.0706891620062554,0.484201215998457,0.0291395492630179,0.0784221849362922,0.722979351073375
genus.DefluviitaleaceaeUCG011.id.11287,9,20.2582386166292,23.1666543510705,22.8736532415697,5.19876828145582,8,0.73613563180959,0,4.87946844076466,7,0.674669480079246,0,0.0150221842090171,0.0265848204972196,0.589671009254281
genus.Desulfovibrio.id.3173,8,19.4035192517035,20.676653692306,21.0565973282663,7.04551704994757,7,0.424156090288864,0.00646042719432641,5.3020560082027,6,0.50569601052782,0,0.0375794697862638,0.0284606310015054,0.234831733275855
genus.Dialister.id.2183,10,18.6290795178148,20.1853852386608,20.4575287782521,10.7507845430937,9,0.293178980282006,0.162851793380827,9.80727973137047,8,0.278813816086588,0.184279410894087,-0.0241596549704479,0.0275389866783815,0.405903199537979
genus.Dorea.id.1997,9,19.5037972029391,20.9941055110653,21.3569912408529,5.52435389688858,8,0.700340318585073,0,2.73738818514667,7,0.908187271807541,0,0.0327175205847258,0.0195981271747903,0.138963579573602
genus.Eggerthella.id.819,8,19.8943695637587,20.8795962205825,21.1341585251159,1.94279483527714,7,0.962938521606399,0,1.91076193668157,6,0.927720024736433,0,0.00638685899497252,0.0356852882155518,0.86384621035444
genus.Eisenbergiella.id.11304,11,19.9198908280292,20.562639000184,21.0803616458695,11.7897347690122,10,0.299375274913301,0.151804498072028,11.0365663761446,9,0.273210825622834,0.184528983629061,-0.037574277631845,0.0479446697956557,0.453345680131994
genus.Enterorhabdus.id.820,5,19.8746740854874,22.0280908188192,21.5066051217299,10.4326148746805,4,0.033737970107391,0.616587016002303,5.01762492927608,3,0.170511100332234,0.402107562385531,0.08462809049381,0.0470331627968566,0.169794140181139
genus.Erysipelatoclostridium.id.11381,15,17.6905312769351,21.1331720586673,22.1366544966312,19.6959202823183,14,0.140023546868885,0.289192898868084,18.0624772043217,13,0.155161615979239,0.280275908285186,-0.0237936092509477,0.0219444804230333,0.297947294598465
genus.ErysipelotrichaceaeUCG003.id.11384,15,14.5893297494358,21.586717003008,21.1675334971604,5.8249426122578,14,0.970712579847802,0,5.82407173944226,13,0.952321867500263,0,-0.000491028999620789,0.0166390978124078,0.976905641060293
genus.Escherichia.Shigella.id.3504,10,19.1077190804068,20.5698466308521,20.8523627915987,5.27760261904988,9,0.809468630255772,0,4.78082074725884,8,0.780724862052105,0,-0.0123259258157818,0.0174878604824067,0.50091891270542
genus.Faecalibacterium.id.2057,9,18.2950043313922,20.6489260022112,21.1718979918317,4.07338754157879,8,0.850442184293542,0,3.7280332322459,7,0.810515463550762,0,-0.00923254902792983,0.0157104701839021,0.57521383233149
genus.FamilyXIIIAD3011group.id.11293,10,19.0974684493907,20.6547883437051,21.2291266331132,5.77971527915399,9,0.761746838049602,0,5.46209319822327,8,0.707236035338051,0,-0.0200863689075505,0.0356406890149741,0.588484770642015
genus.FamilyXIIIUCG001.id.11294,7,20.0009508936829,21.1581095555626,21.4647827948279,6.70003796774634,6,0.349480285001623,0.104482686682716,6.46479877389236,5,0.263580605484739,0.226580722018425,-0.0104772107961358,0.0245631094893532,0.687453727817552
genus.Flavonifractor.id.2059,4,22.8784037960626,23.5335871999434,23.8265769500001,1.6004028163565,3,0.659298487249816,0,0.864058062867167,2,0.649190529479828,0,0.040203287679054,0.0468512272090344,0.481253485520981
genus.Fusicatenibacter.id.11305,17,19.2589721095168,20.354184486403,21.1581541935761,13.7515720436573,16,0.61721520568292,0,13.496318637702,15,0.564020057221839,0,-0.0120737841875254,0.0238977842462046,0.620742063447368
genus.Gordonibacter.id.821,10,19.025876591317,20.2208726300048,21.1269666925898,8.29842251907524,9,0.504374683369486,0,7.99547867467989,8,0.433911903588,0,-0.0160799305743679,0.0292148124858589,0.59707174881166
genus.Haemophilus.id.3698,9,21.4367276762832,22.8149190446406,23.4244919528988,4.66797132933689,8,0.792402382639109,0,4.57005295589549,7,0.712266124163705,0,-0.00541197291553363,0.0172951175910521,0.763459032374606
genus.Holdemanella.id.11393,9,19.8504411922001,21.3807267492195,21.759590251484,9.03990154162234,8,0.338941104609528,0.115034609263644,8.60038429193096,7,0.2826335635249,0.18608288160245,-0.0173463875151843,0.029002203172916,0.56860760400687
genus.Holdemania.id.2157,14,19.5453255406953,20.6029763060283,21.5596431864892,8.49596520496148,13,0.809857034153953,0,8.17325872224453,12,0.771448424555516,0,0.00918941369990655,0.0161764775226692,0.580459992542723
genus.Howardella.id.2000,10,18.6766011995005,21.6438121796719,21.7374863225537,7.68539037799701,9,0.566135540922438,0,6.24839431244313,8,0.619429878870514,0,0.0379694483680051,0.0316742615143008,0.264927309832265
genus.Hungatella.id.11306,4,19.40946862239,19.9547843327922,20.5585023225206,4.06902610252511,3,0.254106377911415,0.262722842171425,2.82506761225535,2,0.243525454466156,0.292052341924897,-0.0622438523139845,0.0663273955814023,0.447085847482386
genus.Intestinibacter.id.11345,15,18.4804567373859,21.0884876352623,21.8756605979122,23.7050776150563,14,0.0497211925345413,0.409409231754303,23.6717503742435,13,0.0342871629226088,0.450822191241722,-0.00317661215859329,0.0234805369511721,0.894457257444468
genus.Intestinimonas.id.2062,15,18.3828376332169,21.8575142732189,21.728031440209,13.8117598680549,14,0.463827335680948,0,12.8503053329082,13,0.459439963074454,0,-0.0140219783079711,0.0143002923053284,0.344717221452146
genus.Lachnoclostridium.id.11308,10,17.045656912397,20.0422935692137,20.3856690339806,5.14769614973163,9,0.821247769489838,0,4.8440942847129,8,0.77410221736988,0,0.0121291216880189,0.0220128936641266,0.596680926870619
genus.Lachnospira.id.2004,6,20.0990431598317,21.6396147747215,21.6513058016379,3.24386487076952,5,0.662446289329227,0,2.85797013846608,4,0.581868055270675,0,0.0277145760264894,0.044614272346832,0.568114250191783
genus.LachnospiraceaeFCS020group.id.11314,12,19.7479507078632,21.3464404115667,21.6054782753574,9.46812361679131,11,0.578765592818621,0,9.4661434729187,10,0.488508225850283,0,-0.00065496460806303,0.0147187002135599,0.965382848466909
genus.LachnospiraceaeNC2004group.id.11316,9,19.2766649288679,20.4978052649549,20.715358870497,11.2833251627879,8,0.186156556501818,0.290989146853287,10.5446539584385,7,0.159751063793914,0.336156499057217,0.0256663111878137,0.036652619381677,0.506365672999484
genus.LachnospiraceaeND3007group.id.11317,3,19.1227532150392,20.2181485213342,20.9360910473723,5.53740373284804,2,0.0627434012147637,0.638819906134721,0.218795435969688,1,0.6399592723708,0,0.385059931108288,0.166966493070559,0.260467993965195
genus.LachnospiraceaeNK4A136group.id.11319,13,19.7963951009288,21.1239174462195,21.2424514896617,12.4862713176582,12,0.407457874575471,0.0389444779219663,12.484387857247,11,0.328355270441016,0.118899530695478,-0.000444197848240557,0.0109039910431934,0.968235418164958
genus.LachnospiraceaeUCG001.id.11321,13,19.2876787281149,20.4242668592863,21.3640996671229,9.628720069893,12,0.648496322246633,0,9.61614212599406,11,0.565209586845082,0,-0.00294508624482291,0.026259907421347,0.91272374890381
genus.LachnospiraceaeUCG004.id.11324,12,19.2253910758565,20.8905670110017,21.3414321373881,21.8772775084208,11,0.0253414151314529,0.497195206498343,21.1399414620768,10,0.020138604223237,0.526961793250982,0.0175597890309891,0.0297329808464857,0.567906329420452
genus.LachnospiraceaeUCG008.id.11328,9,20.2843751314384,23.2118451398592,23.7233572176486,5.76065731315026,8,0.674021521148819,0,5.30403963103845,7,0.62291318649622,0,0.0290496311207627,0.0429896846541872,0.520900015687864
genus.LachnospiraceaeUCG010.id.11330,8,19.359375178733,20.5914282259299,21.6699034938843,4.53464645622431,7,0.716541339379461,0,3.32131147937268,6,0.767571375914128,0,0.0201078637423885,0.0182547367766146,0.312887031413543
genus.Lactobacillus.id.1837,8,20.2783317021644,22.837674249522,22.2449314984651,23.2456416700993,7,0.00154453112315338,0.698868282521792,19.6825391915941,6,0.00315355684267526,0.695161282718927,0.0446476365175228,0.0428399795133683,0.337482049609361
genus.Lactococcus.id.1851,6,20.4015948903855,22.0316446398738,21.8770492683546,5.01286582189182,5,0.414312043523199,0.0025665601970894,1.92428575810751,4,0.74968234857986,0,0.0675422758340472,0.0384322895892165,0.153676118683806
genus.Marvinbryantia.id.2005,9,19.317030992158,21.6880162227729,22.2891652577219,8.52194891482863,8,0.384211954266681,0.0612475995861007,8.18993800615528,7,0.316143845138993,0.145292675629652,-0.0164804169508554,0.0309373638904169,0.610724417130174
genus.Methanobrevibacter.id.123,6,19.3735371676709,21.1964282466391,21.3893548363891,6.11134512262544,5,0.295534863795747,0.181849511085704,4.63760052220328,4,0.326541931706629,0.137485003106814,0.0384904826899039,0.0341396383656827,0.322606597141932
genus.Odoribacter.id.952,7,19.9124635282641,20.6573213106946,21.2268026215635,7.65089616233976,6,0.264811115611191,0.215778142496041,6.72799714121716,5,0.241668073066879,0.256836782915837,0.0241097862482125,0.0291121422270361,0.445291874293627
genus.Olsenella.id.822,11,19.6399647307566,20.89199710375,21.4057343749264,6.76066657072152,10,0.74782979057089,0,6.65948803472938,9,0.672523335733494,0,-0.00744476738217661,0.0234049079211414,0.757676684487724
genus.Oscillibacter.id.2063,11,20.6664972058819,22.4256171137517,22.5483338606085,12.7878078678049,10,0.235778909044623,0.218005141821343,12.0082747710636,9,0.212843215051931,0.250516816813074,0.0230210502533415,0.030118053967359,0.464220398521967
genus.Oscillospira.id.2064,7,19.5345049902718,20.8854995835537,21.3202722120445,0.89545020723826,6,0.989266962019489,0,0.604561505645568,5,0.987793439725558,0,-0.018393610437504,0.0341038616360717,0.612792171606478
genus.Oxalobacter.id.2978,10,19.0863879095914,21.7612219383851,23.7350447177006,7.58963931131826,9,0.57596934794175,0,6.71564323081654,8,0.567600173403691,0,-0.0301829143512694,0.0322854191327817,0.377207480224907
genus.Parabacteroides.id.954,6,19.5736045659026,21.4484606670471,21.9320553579871,11.8501732895924,5,0.036899437157076,0.57806524193268,10.8609052482123,4,0.0281725354510349,0.631706574306188,0.0349590630663671,0.0579169671545143,0.578663186357653
genus.Paraprevotella.id.962,13,19.3047953212386,22.3854602877607,22.2150792439592,17.4311154127552,12,0.134087092726193,0.311575896559149,15.9771897097515,11,0.141979819165409,0.311518471030841,-0.0231119745480386,0.0231004157855869,0.33856920487802
genus.Parasutterella.id.2892,13,20.4848029066991,21.6150526425474,22.0897721948515,14.7534493732739,12,0.255197340127265,0.186630889062584,14.7444004504977,11,0.19449997979657,0.253954066363634,-0.00135738899827184,0.0165204966842302,0.935992375318022
genus.Peptococcus.id.2037,12,19.5109166055471,21.6730482664423,22.5685363904335,13.3127378020761,11,0.273377391114317,0.173723680016849,11.2420337538963,10,0.338974952477693,0.110481233296943,-0.0365198467825627,0.0269086786949231,0.204565001720646
genus.Phascolarctobacterium.id.2168,9,19.4503463236962,21.5564790785223,21.8803563408422,8.74877182940417,8,0.363930615002912,0.085585936403963,7.57025021904917,7,0.372007765093901,0.0753277900397847,-0.0351617201214422,0.0336827416861581,0.331231685876124
genus.Prevotella7.id.11182,11,19.2385791138929,20.8914367945202,21.107415283727,9.74525388938303,10,0.463120229597647,0,7.71111999768462,9,0.563499988625529,0,-0.0510136198317114,0.0357681413746093,0.187554046582964
genus.Prevotella9.id.11183,13,19.3512690069852,20.4929745432586,21.1348602845673,15.2824551076952,12,0.226352053167277,0.214785849823463,14.8792580345516,11,0.188091561816192,0.260715825046076,-0.0131080367077782,0.0240089550527144,0.595989106423446
genus.RikenellaceaeRC9gutgroup.id.11191,10,18.9604960589657,20.9058128048147,21.1917870203461,1.73808792142112,9,0.994965285171619,0,1.70943586269482,8,0.988661335557798,0,-0.00671902415783164,0.0396943126672051,0.869786702502382
genus.Romboutsia.id.11347,12,19.8212687302189,20.6204286660373,21.564882312004,14.2596931442415,11,0.218955234544484,0.228594901115237,14.2595819829766,10,0.161477134464556,0.298717170535697,-0.000174116570049573,0.0197204472574396,0.993129035254751
genus.Roseburia.id.2012,13,18.6668848628035,20.6204616163918,20.9331333609693,20.6501385959665,12,0.0557444022365173,0.418890098764572,20.4789618400816,11,0.0391888596956205,0.462863396792375,0.0105259727172054,0.0347134253709139,0.767376327972819
genus.Ruminiclostridium5.id.11355,10,18.5261059415638,21.4610877088906,21.1968615119074,22.9632551055991,9,0.00627937057342704,0.608069502402316,22.9379881595395,8,0.0034447813039047,0.651233580540805,0.00443250139466053,0.0472177374434438,0.927518044377069
genus.Ruminiclostridium6.id.11356,14,18.8720154933447,20.4871190120547,21.0310561691172,19.1770783886149,13,0.117714834264621,0.322107375453088,18.2487758671067,12,0.10834297764249,0.342421645846947,0.0154579343439654,0.0197848580574146,0.449765332966466
genus.Ruminiclostridium9.id.11357,9,19.9500745746259,20.3955927002387,21.0747426401098,8.161659711043,8,0.417840275879962,0.0198072103918114,7.1264382675662,7,0.415835065195016,0.0177421402977201,-0.0312417222667448,0.0309817240422417,0.346844822806782
genus.RuminococcaceaeNK4A214group.id.11358,11,19.9980809426235,21.2644702055027,22.2171032768354,6.02078269540197,10,0.813514158757803,0,5.78104189063673,9,0.761616785686956,0,0.0109833613421773,0.0224318086836541,0.636106120918465
genus.RuminococcaceaeUCG002.id.11360,20,18.9275143859325,21.2473447713938,21.6344632912147,17.1915900781534,19,0.576889752865179,0,17.0865573098066,18,0.517161659815487,0,0.00459301631404619,0.0141721448283788,0.749607323188063
genus.RuminococcaceaeUCG003.id.11361,10,20.3667429266878,21.9138563487324,22.6499652354963,4.73431970790447,9,0.856826116310293,0,4.70814032111009,8,0.788266233211345,0,-0.00316674356691506,0.0195719078401767,0.875474793777466
genus.RuminococcaceaeUCG004.id.11362,10,19.0550439015484,20.1565065645456,21.7206147424876,16.2948585158047,9,0.0609737075197175,0.447678542819458,14.281624960173,8,0.0747139090340401,0.439839652538875,0.0508349552927503,0.047869532303433,0.319262758882809
genus.RuminococcaceaeUCG005.id.11363,14,18.4132352213371,21.1397273062404,21.2092223151808,18.4720179187787,13,0.140405487943191,0.29623281781336,17.2163093245661,12,0.141640053648626,0.302986501126747,-0.0190385254705953,0.0203501812436194,0.367952813908476
genus.RuminococcaceaeUCG009.id.11366,10,19.0343809957843,21.0600096665114,21.0976825314162,20.0337834566239,9,0.0177050553690123,0.550758845952073,17.6532870945175,8,0.0239814750626186,0.546826607579246,0.0490975034721504,0.0472708538553333,0.32934180958549
genus.RuminococcaceaeUCG010.id.11367,6,20.2670268770287,21.7687531487702,21.4324171615618,6.0032863678487,5,0.305899271888339,0.167122856777567,5.90156665891811,4,0.206620922066369,0.322213874521704,0.00716960745453095,0.0273052707063285,0.805849088330357
genus.RuminococcaceaeUCG011.id.11368,8,20.1716694464618,22.0542831039626,22.7390219312366,6.59904756256752,7,0.471784435098989,0,4.79154939630385,6,0.570813069230245,0,0.0462757424404208,0.0344202850460503,0.227406507614977
genus.RuminococcaceaeUCG013.id.11370,11,19.7704078733721,20.870060772823,21.8441984233271,12.6746381241584,10,0.242436267587966,0.211022839307772,11.7906016720027,9,0.225373273437148,0.236680175417096,0.0166177096810117,0.02022939106141,0.432603451022757
genus.RuminococcaceaeUCG014.id.11371,11,19.4166482716994,21.6783166992555,21.4404643805303,16.9394330043283,10,0.0757149624159863,0.409661468748993,16.2953290297057,9,0.0609646698264791,0.447694490636343,-0.013863697702395,0.023244028687416,0.565578683419268
genus.Ruminococcus1.id.11373,8,19.5565659511699,20.5676454642786,20.9396539276647,9.52483991889544,7,0.217136588975938,0.265079512138219,9.04402764435254,6,0.171117086348867,0.336578763804792,-0.0167049412970614,0.0295775703595094,0.592692703841247
genus.Ruminococcus2.id.11374,15,19.1299829315067,20.7562502611373,21.1498582782741,12.3144471352155,14,0.581066145425735,0,11.7260230574776,13,0.550227826854756,0,0.0111996766742168,0.014600249165643,0.456735101579891
genus.Sellimonas.id.14369,8,20.5624579105522,21.0142443164001,21.8859209644835,4.53219797936788,7,0.716836705101108,0,3.65618774710168,6,0.723086843991516,0,-0.0347453495313034,0.0371229170941315,0.385420634707768
genus.Senegalimassilia.id.11160,4,19.5674680621193,20.4939954235194,20.7834895238863,1.88030569768664,3,0.597617319734993,0,1.82679041974409,2,0.401159887229963,0,-0.00751302072351597,0.0324769842050004,0.83856788989767
genus.Slackia.id.825,5,20.010453715481,22.3340503625273,22.3120761214462,2.536827640365,4,0.638053597488671,0,2.18222694843642,3,0.535457587065809,0,-0.0276967402047567,0.046511341736057,0.59345219301396
genus.Streptococcus.id.1853,13,19.317013944038,21.6517894336722,22.9275167078902,12.3530278167067,12,0.417760111237336,0.028578241864661,11.8299640945441,11,0.376559128065275,0.0701577864405222,-0.0161049912849581,0.02309290478075,0.50002728409757
genus.Subdoligranulum.id.2070,10,19.4934343999474,20.9265874185614,21.2012332307089,12.3465645091857,9,0.194469175293486,0.271052283952828,11.8730981667917,8,0.156956377266663,0.326207878717328,-0.0136653550857696,0.0241943189229295,0.587682146016065
genus.Sutterella.id.2896,12,19.6091215864267,20.5934332877544,21.0472108786168,11.6354312287691,11,0.391660822333056,0.0546117471948926,10.0981943669439,10,0.431921037310606,0.00972395295394153,0.0291283607920046,0.0236084520883971,0.245484853008866
genus.Terrisporobacter.id.11348,5,19.7209349927342,19.9781926167016,21.1301560584509,2.88921558908311,4,0.576532771244093,0,2.74309233725266,3,0.43295380479242,0,-0.00939007393610863,0.0245645802584815,0.727740529917512
genus.Turicibacter.id.2162,10,20.2111951041935,21.2715606781515,22.4181752975562,12.4328927388529,9,0.189990002681404,0.276113758154214,8.66021393842454,8,0.37176541019297,0.0762352920053433,0.0644348804399627,0.0345156000598383,0.0988870317491389
genus.Tyzzerella3.id.11335,13,19.8500063159734,21.3337178703045,22.8390913540749,12.3578120617194,12,0.417387895795105,0.0289543213582139,11.9221383530242,11,0.36952423044352,0.0773467246997917,0.0238742640783819,0.0376556417207006,0.539031296617993
genus.Veillonella.id.2198,5,20.3996150100244,21.5767175980128,21.3713332703687,5.06202802199382,4,0.280992043200522,0.209802872955158,4.75162776534107,3,0.190914154099546,0.368637412660489,-0.0315684793775825,0.0713104546490982,0.68796348087012
genus.Victivallis.id.2256,10,18.8780204589402,21.7921717741869,21.6662581607832,23.9236522236705,9,0.00442366113091707,0.623803258973342,17.7818740788352,8,0.022922598965806,0.550103663734637,-0.106704202372828,0.0641916047871712,0.135031327324548
genus.unknowngenus.id.1000000073,14,19.145366230005,21.7672374672835,21.9286583403541,10.5728758518413,13,0.646550498432895,0,10.5263473672861,12,0.569885942940091,0,0.00351082326733165,0.0162760686907443,0.832840894373883
genus.unknowngenus.id.1000001215,8,19.6026702232854,20.4666631767047,22.4275980126468,18.0367006290998,7,0.0118055092041495,0.611902412534006,17.4375613594587,6,0.00780277302156024,0.655915189267828,0.0172907472106163,0.0380817693112864,0.665759560455998
genus.unknowngenus.id.1000005472,11,19.5510220750277,20.0545985976356,20.7369761594646,27.8172748456668,10,0.00193090443319931,0.640511155191116,21.6051056099569,9,0.0102183999900719,0.583431797905572,0.0409018181035559,0.025425992573964,0.142151540222539
genus.unknowngenus.id.1000005479,8,19.62834819603,23.1906791723754,23.1418705514833,4.00124807677074,7,0.779633642875677,0,3.51008371470957,6,0.742627621203151,0,0.0204037202331987,0.0291136017013107,0.50966013912607
genus.unknowngenus.id.1000006162,12,20.2557932319905,21.959212209044,22.5001280183428,6.44563481919324,11,0.842039116204587,0,3.83865680124126,10,0.954332035795974,0,-0.0373375401856611,0.0231247485154435,0.137468271923892
genus.unknowngenus.id.1868,11,20.0747428703192,22.507652337165,22.6365478871276,6.24944579165231,10,0.79388852637256,0,5.31773675233317,9,0.805777541539577,0,-0.0180655314208377,0.0187158944349273,0.359637895808356
genus.unknowngenus.id.2001,9,19.5527181835653,20.5063167418464,21.4050906472821,5.01190067915745,8,0.756303417031609,0,3.83559083564027,7,0.7985075221162,0,-0.0318585992336021,0.029374184008273,0.31404355664797
genus.unknowngenus.id.2041,11,19.9652206654339,21.9877267245688,21.7488496916525,17.6508069999713,10,0.0611475690213453,0.433453665885291,16.4931820069119,9,0.0572700830376827,0.454319973172654,0.0182554239757205,0.0229688339185016,0.447186519218554
genus.unknowngenus.id.2071,13,20.1112603566569,21.4897099558713,22.3585955161374,8.50586428768489,12,0.744455649401077,0,8.291682345434,11,0.686961570682259,0,0.0128790955623898,0.0278287653836998,0.652529979434145
genus.unknowngenus.id.2755,12,19.3273863503235,20.7388918958342,21.2543321646949,12.6104351029695,11,0.319547479596731,0.127706545398286,10.6693240637603,10,0.383854153415419,0.0627335021188207,0.0351623370132141,0.0260687973215259,0.20714240626815
genus.unknowngenus.id.826,10,18.6718355883559,20.899563442776,21.1163814106263,10.9511569957916,9,0.279071749472437,0.178169027851704,10.9487914712631,8,0.204617663208502,0.269325749696,0.000809024549875221,0.0194596968922892,0.967856883788198
genus.unknowngenus.id.959,10,19.6967835117834,21.1452302031937,21.5636647654061,7.04431764624814,9,0.632505171370214,0,4.99997377635234,8,0.757578935952415,0,0.0474334878969947,0.0331747826630382,0.190641340137873
order.Actinomycetales.id.420,3,20.1327082201212,20.7286684238737,20.9232678619291,0.161685177010462,2,0.922338866757877,0,0.0478667102307484,1,0.826817827605763,0,0.0193541423896143,0.0573677169011462,0.792857245723818
order.Bacillales.id.1674,9,19.5337622596781,20.8046825108613,20.9455916454471,6.44872120311311,8,0.597100947810245,0,6.44299366909309,7,0.489076258738273,0,0.00236144231878947,0.0312027953805592,0.941790824817299
order.Bacteroidales.id.913,10,18.687182233009,20.2890917166195,20.591685523034,9.26083032650408,9,0.413554101097423,0.0281648963762561,7.91899501261017,8,0.441422749542959,0,0.0166617848115687,0.0143837429281152,0.280119222811642
order.Bifidobacteriales.id.432,9,18.8692868617856,20.4541670341326,20.8634030629937,5.09132442503081,8,0.747772158710003,0,4.84376914029074,7,0.679022004597307,0,-0.0172350326646241,0.0346398505681202,0.634048134760695
order.Burkholderiales.id.2874,11,18.4982727790277,21.0837126520481,22.14229903032,10.7217831388636,10,0.379600505122401,0.0673193189523946,10.7099992279276,9,0.29611192672532,0.159663804967287,-0.00221992442918045,0.0223083232973601,0.922913824924992
order.Clostridiales.id.1863,13,18.2284739031576,21.0994789105526,21.5248645803203,15.8543673126606,12,0.197997737488467,0.243110761637439,12.0877595100743,11,0.357082916903005,0.0899885135179711,-0.0267529514978302,0.0144501735879964,0.091124059171303
order.Coriobacteriales.id.810,13,19.3938653973339,20.3278091310944,20.9514056611817,8.82271437409812,12,0.717993773828889,0,8.78470371301765,11,0.641757501859198,0,-0.00494040652651096,0.0253401963265733,0.848976039927649
order.Desulfovibrionales.id.3156,12,19.5969436706935,21.0593506928288,21.3277696219997,10.6859020236045,11,0.469940143077791,0,10.656094041838,10,0.384931341810473,0.0615698434400072,0.00261903261572672,0.015659346831968,0.870506770441984
order.Enterobacteriales.id.3468,6,19.470643980072,20.5327381634764,21.1141305192434,4.34224196651831,5,0.501264129115799,0,2.30280542153207,4,0.680258328738573,0,-0.0742293650543008,0.0519781295325671,0.226454121692195
order.Erysipelotrichales.id.2148,12,19.3853525761714,21.1449873086748,22.0432548746011,27.1215533064141,11,0.00440484632338555,0.594418510041658,18.194614614161,10,0.051768171898999,0.450386819833109,-0.0726927801767823,0.0328179488264822,0.0511231410802346
order.Gastranaerophilales.id.1591,8,19.6026702232854,20.4666631767047,22.4275980126468,18.0367006290998,7,0.0118055092041495,0.611902412534006,17.4375613594587,6,0.00780277302156024,0.655915189267828,0.0172907472106163,0.0380817693112864,0.665759560455998
order.Lactobacillales.id.1800,15,19.1372671482912,21.9331760852441,21.8222810708656,10.5344924809532,14,0.722155688186746,0,10.5147693129247,13,0.651394843776969,0,-0.0019623267968842,0.0139727856615138,0.890465682590691
order.Methanobacteriales.id.120,10,19.8563535881858,21.1931835511524,22.0884994927597,5.39775309890189,9,0.798348963854157,0,4.47659724682965,8,0.811769888819531,0,0.0288494227367267,0.030058726011437,0.365276828532677
order.MollicutesRF9.id.11579,11,19.5510220750277,20.0545985976356,20.7369761594646,27.8172748456668,10,0.00193090443319931,0.640511155191116,21.6051056099569,9,0.0102183999900719,0.583431797905572,0.0409018181035559,0.025425992573964,0.142151540222539
order.NB1n.id.3953,12,20.2557932319905,21.959212209044,22.5001280183428,6.44563481919324,11,0.842039116204587,0,3.83865680124126,10,0.954332035795974,0,-0.0373375401856611,0.0231247485154435,0.137468271923892
order.Pasteurellales.id.3688,14,18.4970219026569,21.1237825235275,21.2298649478245,15.2174572904802,13,0.293974824476885,0.145717990078893,13.8804063830216,12,0.308410464789904,0.13547199780272,0.0161571402767914,0.0150279932614513,0.303456047266503
order.Rhodospirillales.id.2667,13,19.6376603065645,21.1628786742857,21.4750619181422,11.4832208357783,12,0.488022003354067,0,10.5990059272773,11,0.477442235400424,0,0.0262796149992522,0.0279473144783415,0.367240861418038
order.Selenomonadales.id.2165,12,17.6810832384633,21.8437223183945,21.6689579284337,8.10014423135186,11,0.704305948640821,0,7.62866038936749,10,0.665057377480119,0,-0.0124022676850129,0.0180620771849963,0.50791429267854
order.Verrucomicrobiales.id.4030,10,19.2902464395949,22.5005085672078,22.2319153180323,10.0021635169319,9,0.350310091344788,0.100194674405731,8.97272128634163,8,0.344602387740612,0.108408726327242,0.0210359751615434,0.0219572908474102,0.366095937983719
order.Victivallales.id.2254,8,20.233448203411,21.8897533530336,21.847486350208,8.09248167113116,7,0.324509692049027,0.134999585482961,6.91144328436294,6,0.329114631831854,0.131874522710049,-0.0302911904405657,0.029915280800034,0.350344948936297
phylum.Actinobacteria.id.400,12,19.1713782877368,21.0142295797239,21.7001463353495,7.81200773837097,11,0.730038413793801,0,7.28557923438473,10,0.698237405816595,0,0.019465041372376,0.026827835385545,0.484745622948818
phylum.Bacteroidetes.id.905,9,19.2001279877349,20.5349197933462,21.1194074158026,12.6188258218818,8,0.125655007717976,0.366026592892066,12.5011325490275,7,0.0852371580407744,0.440050733599768,0.00507671172474786,0.0197757217668554,0.804781018514237
phylum.Cyanobacteria.id.1500,8,19.6000735363827,21.0511357664175,22.2444363058207,12.9512446125428,7,0.0733052548808011,0.459511405319243,12.6944289778668,6,0.0481533870435085,0.52735172173075,0.0140156369718432,0.0402284287472787,0.739437826644652
phylum.Euryarchaeota.id.55,11,19.9408747682575,20.9927123631768,21.5273635918138,6.78363488697652,10,0.745701064387733,0,5.70259587776039,9,0.769275118581277,0,0.0305442241510575,0.0293770657520535,0.325590183340405
phylum.Firmicutes.id.1672,15,19.5969638242061,21.0220998478821,21.3675447733444,11.6261945603383,14,0.636294117487157,0,11.6137810826885,13,0.559539216044217,0,-0.00134867884106571,0.0121049168549755,0.912988498900372
phylum.Lentisphaerae.id.2238,8,19.8502618114944,21.9978241642259,21.9664540179732,8.06403309003068,7,0.326981429290211,0.131948006431932,6.96267851529099,6,0.324312475994609,0.138262669054276,-0.0297622355746884,0.0305502322530748,0.367577721045097
phylum.Proteobacteria.id.2375,10,18.9750819146726,20.5338484393869,21.2406473576566,14.6260299667873,9,0.10173389291747,0.384658720073925,13.2296587629912,8,0.104188279716985,0.395298084151704,-0.0220620627166976,0.0240090513508568,0.385012877665677
phylum.Tenericutes.id.3919,11,19.0019042489958,20.875258528203,21.4826129823147,9.08186403030193,10,0.524352433532404,0,7.39587163614879,9,0.595976015356394,0,0.0259567055505459,0.0199904129225496,0.226413131585042
phylum.Verrucomicrobia.id.3982,11,19.4305486993787,22.2020081334256,22.2803020158611,15.5748290587217,10,0.112467502507426,0.357938378501809,15.5692953383538,9,0.0764390474325716,0.421939156242406,-0.00141129704551648,0.0249530163646944,0.956132892645548
