bac,method,nsnp,beta,se,p_value,ci_lower,ci_upper,odds_ratio,or_ci_lower,or_ci_upper,method_status,method_status_zh,fdr_bh,evidence_status,evidence_status_zh
genus.Faecalibacterium.id.2057,Inverse variance weighted,9,-0.210471475388647,0.0830876667603212,0.0113050515963449,-0.373323302238877,-0.0476196485384175,0.810202165525628,0.688442621819601,0.95349638185886,OK,方法成功运行,0.86611208926569,NOMINAL_SUGGESTIVE,名义提示性（IVW P<0.05，但未通过BH-FDR）
genus.Flavonifractor.id.2059,Inverse variance weighted,4,-0.270367558373701,0.116475647247458,0.020274067221789,-0.498659826978717,-0.0420752897686839,0.763098959371045,0.607344060666625,0.958797590206139,OK,方法成功运行,0.86611208926569,NOMINAL_SUGGESTIVE,名义提示性（IVW P<0.05，但未通过BH-FDR）
genus.LachnospiraceaeUCG001.id.11321,Inverse variance weighted,13,0.151315649455651,0.0685241751197858,0.0272297589239689,0.0170082662208707,0.285623032690431,1.16336381528731,1.01715373030788,1.33059077147578,OK,方法成功运行,0.86611208926569,NOMINAL_SUGGESTIVE,名义提示性（IVW P<0.05，但未通过BH-FDR）
genus.RuminococcaceaeUCG011.id.11368,Inverse variance weighted,8,-0.112453473563909,0.0511167765413438,0.0278116628588569,-0.212642355584942,-0.0122645915428747,0.893638923975582,0.808445221437055,0.987810312026704,OK,方法成功运行,0.86611208926569,NOMINAL_SUGGESTIVE,名义提示性（IVW P<0.05，但未通过BH-FDR）
genus.Methanobrevibacter.id.123,Inverse variance weighted,6,-0.143114449917951,0.0651161255053473,0.0279609207857775,-0.270742055908432,-0.01548684392747,0.866654874639916,0.76281323419703,0.984632460562589,OK,方法成功运行,0.86611208926569,NOMINAL_SUGGESTIVE,名义提示性（IVW P<0.05，但未通过BH-FDR）
genus.Butyrivibrio.id.1993,Inverse variance weighted,13,-0.0887736433433223,0.0409552481193136,0.0301909048212628,-0.169045929657177,-0.0085013570294676,0.915052678398756,0.844470116272365,0.991534677320278,OK,方法成功运行,0.86611208926569,NOMINAL_SUGGESTIVE,名义提示性（IVW P<0.05，但未通过BH-FDR）
class.Methanobacteria.id.119,Inverse variance weighted,10,-0.0923043087946192,0.0442411247025466,0.0369431696843185,-0.179016913211611,-0.0055917043776279,0.911827630154404,0.836091758280617,0.994423900102534,OK,方法成功运行,0.86611208926569,NOMINAL_SUGGESTIVE,名义提示性（IVW P<0.05，但未通过BH-FDR）
family.Methanobacteriaceae.id.121,Inverse variance weighted,10,-0.0923043087946192,0.0442411247025466,0.0369431696843185,-0.179016913211611,-0.0055917043776279,0.911827630154404,0.836091758280617,0.994423900102534,OK,方法成功运行,0.86611208926569,NOMINAL_SUGGESTIVE,名义提示性（IVW P<0.05，但未通过BH-FDR）
order.Methanobacteriales.id.120,Inverse variance weighted,10,-0.0923043087946192,0.0442411247025466,0.0369431696843185,-0.179016913211611,-0.0055917043776279,0.911827630154404,0.836091758280617,0.994423900102534,OK,方法成功运行,0.86611208926569,NOMINAL_SUGGESTIVE,名义提示性（IVW P<0.05，但未通过BH-FDR）
genus.Prevotella7.id.11182,Inverse variance weighted,11,0.0865148396224568,0.0429001824259506,0.0437315966631018,0.00243048206759358,0.17059919717732,1.09036754824048,1.0024334380835,1.18601529546835,OK,方法成功运行,0.922736689591449,NOMINAL_SUGGESTIVE,名义提示性（IVW P<0.05，但未通过BH-FDR）
genus.Gordonibacter.id.821,Inverse variance weighted,10,-0.0866297629317215,0.0464392691341515,0.0621194753647504,-0.177650730434658,0.0043912045712155,0.917016546308331,0.83723479306016,1.00440086003788,OK,方法成功运行,0.945403083496523,NO_PRIMARY_EVIDENCE,主分析未见统计学证据（IVW P>=0.05）
genus..Eubacteriumcoprostanoligenesgroup.id.11375,Inverse variance weighted,13,0.159120553102328,0.0867661652775507,0.0666686982488266,-0.0109411308416712,0.329182237046328,1.17247928417633,0.989118505635383,1.38983111122723,OK,方法成功运行,0.945403083496523,NO_PRIMARY_EVIDENCE,主分析未见统计学证据（IVW P>=0.05）
genus.Barnesiella.id.944,Inverse variance weighted,12,0.149937954383173,0.0819359633186374,0.0672588060284019,-0.0106565337213562,0.310532442487702,1.16176215824233,0.989400045974622,1.36415125288815,OK,方法成功运行,0.945403083496523,NO_PRIMARY_EVIDENCE,主分析未见统计学证据（IVW P>=0.05）
family.Rhodospirillaceae.id.2717,Inverse variance weighted,14,-0.112990673577467,0.0618419126457927,0.0676864004470793,-0.23420082236322,0.00821947520828714,0.893158990055302,0.791202908702147,1.00825334783611,OK,方法成功运行,0.945403083496523,NO_PRIMARY_EVIDENCE,主分析未见统计学证据（IVW P>=0.05）
phylum.Euryarchaeota.id.55,Inverse variance weighted,11,-0.0819444247538305,0.0460511061381372,0.075170341278705,-0.172204592784579,0.00831574327691831,0.921323160034993,0.841806927925571,1.00835041511076,OK,方法成功运行,0.945403083496523,NO_PRIMARY_EVIDENCE,主分析未见统计学证据（IVW P>=0.05）
class.Deltaproteobacteria.id.3087,Inverse variance weighted,13,-0.133483840117755,0.0778600466886784,0.086453930632574,-0.286089531627564,0.0191218513920551,0.875041609432731,0.75119535719309,1.01930584488664,OK,方法成功运行,0.945403083496523,NO_PRIMARY_EVIDENCE,主分析未见统计学证据（IVW P>=0.05）
class.Coriobacteriia.id.809,Inverse variance weighted,13,0.153183044929044,0.0894633899327506,0.0868519336973105,-0.022165199339147,0.328531289197235,1.16553830529438,0.978078643758607,1.38892669804962,OK,方法成功运行,0.945403083496523,NO_PRIMARY_EVIDENCE,主分析未见统计学证据（IVW P>=0.05）
family.Coriobacteriaceae.id.811,Inverse variance weighted,13,0.153183044929044,0.0894633899327506,0.0868519336973105,-0.022165199339147,0.328531289197235,1.16553830529438,0.978078643758607,1.38892669804962,OK,方法成功运行,0.945403083496523,NO_PRIMARY_EVIDENCE,主分析未见统计学证据（IVW P>=0.05）
order.Coriobacteriales.id.810,Inverse variance weighted,13,0.153183044929044,0.0894633899327506,0.0868519336973105,-0.022165199339147,0.328531289197235,1.16553830529438,0.978078643758607,1.38892669804962,OK,方法成功运行,0.945403083496523,NO_PRIMARY_EVIDENCE,主分析未见统计学证据（IVW P>=0.05）
family.Christensenellaceae.id.1866,Inverse variance weighted,10,-0.207478996517339,0.124031565079635,0.0943682714235931,-0.450580864073425,0.0356228710387463,0.812630309660473,0.637257883884316,1.03626496725893,OK,方法成功运行,0.945403083496523,NO_PRIMARY_EVIDENCE,主分析未见统计学证据（IVW P>=0.05）
genus.Prevotella9.id.11183,Inverse variance weighted,13,-0.120834769055594,0.0727360203624417,0.0966575749781683,-0.26339736896598,0.021727830854792,0.886180371916385,0.76843648382326,1.02196559911188,OK,方法成功运行,0.945403083496523,NO_PRIMARY_EVIDENCE,主分析未见统计学证据（IVW P>=0.05）
genus.Odoribacter.id.952,Inverse variance weighted,7,0.198718333468706,0.120303221536143,0.0985728333503484,-0.0370759807421344,0.434512647679546,1.21983832987565,0.963602917302728,1.54421030106359,OK,方法成功运行,0.945403083496523,NO_PRIMARY_EVIDENCE,主分析未见统计学证据（IVW P>=0.05）
genus.Anaerofilum.id.2053,Inverse variance weighted,11,-0.0824062992029137,0.0508037176450818,0.104792099102274,-0.181981585787274,0.0171689873814467,0.920897722664913,0.833616690669477,1.0173172215738,OK,方法成功运行,0.950966296052451,NO_PRIMARY_EVIDENCE,主分析未见统计学证据（IVW P>=0.05）
genus.Streptococcus.id.1853,Inverse variance weighted,13,-0.129524843098497,0.0850199262285428,0.127642524865247,-0.296163898506441,0.0371142123094472,0.878512763166038,0.743665532361149,1.03781154492289,OK,方法成功运行,0.950966296052451,NO_PRIMARY_EVIDENCE,主分析未见统计学证据（IVW P>=0.05）
family.Desulfovibrionaceae.id.3169,Inverse variance weighted,10,-0.135373814947174,0.0908457864071449,0.136184897234392,-0.313431556305178,0.0426839264108299,0.873389364658544,0.730934405142958,1.04360798579383,OK,方法成功运行,0.950966296052451,NO_PRIMARY_EVIDENCE,主分析未见统计学证据（IVW P>=0.05）
genus.Coprococcus3.id.11303,Inverse variance weighted,8,-0.202250085196958,0.137760600442854,0.142069673234001,-0.472260862064952,0.067760691671036,0.816890610145742,0.623590820509413,1.07010919179207,OK,方法成功运行,0.950966296052451,NO_PRIMARY_EVIDENCE,主分析未见统计学证据（IVW P>=0.05）
order.Desulfovibrionales.id.3156,Inverse variance weighted,12,-0.11606139674689,0.079568522068588,0.144665714227814,-0.272015700001323,0.0398929065075423,0.890420552693892,0.761842300070825,1.04069931609992,OK,方法成功运行,0.950966296052451,NO_PRIMARY_EVIDENCE,主分析未见统计学证据（IVW P>=0.05）
family.Prevotellaceae.id.960,Inverse variance weighted,15,0.106564251073809,0.0740974222491135,0.150387504437516,-0.0386666965344533,0.251795198682072,1.11244940021805,0.962071317417673,1.28633256770114,OK,方法成功运行,0.950966296052451,NO_PRIMARY_EVIDENCE,主分析未见统计学证据（IVW P>=0.05）
genus..Eubacteriumeligensgroup.id.14372,Inverse variance weighted,8,-0.146429230840821,0.10230377208664,0.152339096362652,-0.346944624130635,0.0540861624489935,0.86378685964154,0.706844469300998,1.05557554921133,OK,方法成功运行,0.950966296052451,NO_PRIMARY_EVIDENCE,主分析未见统计学证据（IVW P>=0.05）
family.FamilyXI.id.1936,Inverse variance weighted,7,0.0727740620903909,0.0508523960516888,0.15240607612653,-0.0268966341709191,0.172444758351701,1.07548751606074,0.973461859016178,1.18820618033405,OK,方法成功运行,0.950966296052451,NO_PRIMARY_EVIDENCE,主分析未见统计学证据（IVW P>=0.05）
genus.unknowngenus.id.959,Inverse variance weighted,10,0.0752172735376226,0.0532237147723086,0.157588532983889,-0.0291012074161024,0.179535754491348,1.07811837203135,0.97131815489119,1.19666168933261,OK,方法成功运行,0.950966296052451,NO_PRIMARY_EVIDENCE,主分析未见统计学证据（IVW P>=0.05）
genus.Holdemania.id.2157,Inverse variance weighted,14,-0.081048682688568,0.0574481028790687,0.158298978250179,-0.193646964331543,0.0315495989544066,0.922148797669112,0.823948736221396,1.03205256305423,OK,方法成功运行,0.950966296052451,NO_PRIMARY_EVIDENCE,主分析未见统计学证据（IVW P>=0.05）
genus.Coprococcus2.id.11302,Inverse variance weighted,8,-0.131219365839533,0.0933903705744675,0.160002508375948,-0.314264492165489,0.0518257604864235,0.877025363882429,0.730325837149617,1.05319221882538,OK,方法成功运行,0.950966296052451,NO_PRIMARY_EVIDENCE,主分析未见统计学证据（IVW P>=0.05）
genus.Allisonella.id.2174,Inverse variance weighted,8,-0.0630110363694787,0.0460631477161983,0.171334839669555,-0.153294805893227,0.0272727331542699,0.93893311121922,0.857876777398834,1.02764803823795,OK,方法成功运行,0.950966296052451,NO_PRIMARY_EVIDENCE,主分析未见统计学证据（IVW P>=0.05）
family.unknownfamily.id.1000006161,Inverse variance weighted,12,0.0672946834341578,0.0492186928282049,0.17154424814534,-0.0291739545091239,0.163763321377439,1.06961062827071,0.971247496889136,1.17793548994882,OK,方法成功运行,0.950966296052451,NO_PRIMARY_EVIDENCE,主分析未见统计学证据（IVW P>=0.05）
genus.unknowngenus.id.1000006162,Inverse variance weighted,12,0.0672946834341578,0.0492186928282049,0.17154424814534,-0.0291739545091239,0.163763321377439,1.06961062827071,0.971247496889136,1.17793548994882,OK,方法成功运行,0.950966296052451,NO_PRIMARY_EVIDENCE,主分析未见统计学证据（IVW P>=0.05）
order.NB1n.id.3953,Inverse variance weighted,12,0.0672946834341578,0.0492186928282049,0.17154424814534,-0.0291739545091239,0.163763321377439,1.06961062827071,0.971247496889136,1.17793548994882,OK,方法成功运行,0.950966296052451,NO_PRIMARY_EVIDENCE,主分析未见统计学证据（IVW P>=0.05）
genus.Fusicatenibacter.id.11305,Inverse variance weighted,17,0.101795933112539,0.0766650366460892,0.184243766911354,-0.0484675387137958,0.252059404938874,1.10715751448561,0.95268826429031,1.286672469714,OK,方法成功运行,0.950966296052451,NO_PRIMARY_EVIDENCE,主分析未见统计学证据（IVW P>=0.05）
family.BacteroidalesS24.7group.id.11173,Inverse variance weighted,8,-0.0927074329140841,0.0716588424468147,0.195757548209886,-0.233158764109841,0.0477438982816727,0.911460124524062,0.792027817950356,1.04890199532044,OK,方法成功运行,0.950966296052451,NO_PRIMARY_EVIDENCE,主分析未见统计学证据（IVW P>=0.05）
genus.unknowngenus.id.1000005479,Inverse variance weighted,8,-0.0927074329140841,0.0716588424468147,0.195757548209886,-0.233158764109841,0.0477438982816727,0.911460124524062,0.792027817950356,1.04890199532044,OK,方法成功运行,0.950966296052451,NO_PRIMARY_EVIDENCE,主分析未见统计学证据（IVW P>=0.05）
order.Clostridiales.id.1863,Inverse variance weighted,13,-0.117509364156266,0.0911333156544787,0.197251180664343,-0.296130662839044,0.0611119345265126,0.889132185734737,0.743690248992171,1.06301789593284,OK,方法成功运行,0.950966296052451,NO_PRIMARY_EVIDENCE,主分析未见统计学证据（IVW P>=0.05）
genus.LachnospiraceaeFCS020group.id.11314,Inverse variance weighted,12,0.0937934152328382,0.0759001502342315,0.216552463040998,-0.0549708792262555,0.242557709691932,1.098332823648,0.946512710734653,1.27450479832042,OK,方法成功运行,0.950966296052451,NO_PRIMARY_EVIDENCE,主分析未见统计学证据（IVW P>=0.05）
genus.RikenellaceaeRC9gutgroup.id.11191,Inverse variance weighted,10,-0.0559077102905871,0.0455209586701779,0.219381224673437,-0.145128789284136,0.0333133687029615,0.945626403449373,0.864910894682466,1.03387447238584,OK,方法成功运行,0.950966296052451,NO_PRIMARY_EVIDENCE,主分析未见统计学证据（IVW P>=0.05）
genus.Howardella.id.2000,Inverse variance weighted,10,-0.0580196130274857,0.0478419174844935,0.225230792226382,-0.151789771297093,0.0357505452421215,0.943631439785939,0.859168883716496,1.03639728000939,OK,方法成功运行,0.950966296052451,NO_PRIMARY_EVIDENCE,主分析未见统计学证据（IVW P>=0.05）
genus.Paraprevotella.id.962,Inverse variance weighted,13,-0.0771732529323055,0.0637120747729747,0.225787563958747,-0.202048919487336,0.0477024136227249,0.925729454369586,0.817054957054943,1.04885848288145,OK,方法成功运行,0.950966296052451,NO_PRIMARY_EVIDENCE,主分析未见统计学证据（IVW P>=0.05）
genus.unknowngenus.id.2755,Inverse variance weighted,12,-0.0808726118189604,0.0671940132925906,0.228756319880363,-0.212572877872438,0.0508276542345172,0.922311175504409,0.808501392313015,1.05214154551633,OK,方法成功运行,0.950966296052451,NO_PRIMARY_EVIDENCE,主分析未见统计学证据（IVW P>=0.05）
genus..Eubacteriumxylanophilumgroup.id.14375,Inverse variance weighted,7,-0.131742999980325,0.109903263804469,0.230637689438172,-0.347153397037085,0.0836673970764349,0.876566243675558,0.706696914729969,1.08726720541163,OK,方法成功运行,0.950966296052451,NO_PRIMARY_EVIDENCE,主分析未见统计学证据（IVW P>=0.05）
genus.Peptococcus.id.2037,Inverse variance weighted,12,-0.0660868733619804,0.05585460255721,0.236731967131669,-0.175561894374112,0.0433881476501512,0.936049542988563,0.838985467086016,1.04434317554069,OK,方法成功运行,0.950966296052451,NO_PRIMARY_EVIDENCE,主分析未见统计学证据（IVW P>=0.05）
family.ClostridialesvadinBB60group.id.11286,Inverse variance weighted,14,-0.0752983274082001,0.0638349317475525,0.238167808635655,-0.200414793633403,0.0498181388170028,0.927466756298931,0.818391219197248,1.05107992835433,OK,方法成功运行,0.950966296052451,NO_PRIMARY_EVIDENCE,主分析未见统计学证据（IVW P>=0.05）
genus.unknowngenus.id.1000000073,Inverse variance weighted,14,-0.0752983274082001,0.0638349317475525,0.238167808635655,-0.200414793633403,0.0498181388170028,0.927466756298931,0.818391219197248,1.05107992835433,OK,方法成功运行,0.950966296052451,NO_PRIMARY_EVIDENCE,主分析未见统计学证据（IVW P>=0.05）
genus.RuminococcaceaeUCG013.id.11370,Inverse variance weighted,11,0.112571282196571,0.0977317618690038,0.249387123505361,-0.0789829710666766,0.304125535459818,1.11915202968453,0.924055659993328,1.3554392010932,OK,方法成功运行,0.950966296052451,NO_PRIMARY_EVIDENCE,主分析未见统计学证据（IVW P>=0.05）
genus..Ruminococcustorquesgroup.id.14377,Inverse variance weighted,7,0.137421033589185,0.120331386199236,0.253445071143485,-0.0984284833613188,0.373270550539688,1.14731110335492,0.906260503001677,1.45247725518392,OK,方法成功运行,0.950966296052451,NO_PRIMARY_EVIDENCE,主分析未见统计学证据（IVW P>=0.05）
class.Erysipelotrichia.id.2147,Inverse variance weighted,12,0.162255514445726,0.143118353056373,0.256913849305855,-0.118256457544765,0.442767486436218,1.17616072898665,0.888468169029403,1.55701026624469,OK,方法成功运行,0.950966296052451,NO_PRIMARY_EVIDENCE,主分析未见统计学证据（IVW P>=0.05）
family.Erysipelotrichaceae.id.2149,Inverse variance weighted,12,0.162255514445726,0.143118353056373,0.256913849305855,-0.118256457544765,0.442767486436218,1.17616072898665,0.888468169029403,1.55701026624469,OK,方法成功运行,0.950966296052451,NO_PRIMARY_EVIDENCE,主分析未见统计学证据（IVW P>=0.05）
order.Erysipelotrichales.id.2148,Inverse variance weighted,12,0.162255514445726,0.143118353056373,0.256913849305855,-0.118256457544765,0.442767486436218,1.17616072898665,0.888468169029403,1.55701026624469,OK,方法成功运行,0.950966296052451,NO_PRIMARY_EVIDENCE,主分析未见统计学证据（IVW P>=0.05）
genus.RuminococcaceaeUCG014.id.11371,Inverse variance weighted,11,-0.117331840139682,0.104297173286134,0.260599109719502,-0.321754299780505,0.0870906195011408,0.889290042062853,0.724876270710633,1.09099554071049,OK,方法成功运行,0.950966296052451,NO_PRIMARY_EVIDENCE,主分析未见统计学证据（IVW P>=0.05）
order.Actinomycetales.id.420,Inverse variance weighted,3,-0.162007348771771,0.14686153907662,0.269970776081665,-0.449855965361946,0.125841267818403,0.85043495486488,0.637719998776232,1.13410213548878,OK,方法成功运行,0.950966296052451,NO_PRIMARY_EVIDENCE,主分析未见统计学证据（IVW P>=0.05）
family.Actinomycetaceae.id.421,Inverse variance weighted,3,-0.161683971556391,0.146578212041016,0.27000286089243,-0.448977267156783,0.125609324044,0.850710010623431,0.638280608461845,1.13383911806273,OK,方法成功运行,0.950966296052451,NO_PRIMARY_EVIDENCE,主分析未见统计学证据（IVW P>=0.05）
order.Rhodospirillales.id.2667,Inverse variance weighted,13,-0.065582681166317,0.0611025024082479,0.283126512936406,-0.185343585886483,0.0541782235538489,0.93652161085936,0.830818777200835,1.05567273113592,OK,方法成功运行,0.950966296052451,NO_PRIMARY_EVIDENCE,主分析未见统计学证据（IVW P>=0.05）
class.Bacilli.id.1673,Inverse variance weighted,17,-0.0748136395779743,0.0706364700617737,0.289537774505876,-0.213261120899051,0.0636338417431022,0.927916397107559,0.807945138308676,1.06570211168486,OK,方法成功运行,0.950966296052451,NO_PRIMARY_EVIDENCE,主分析未见统计学证据（IVW P>=0.05）
genus.Terrisporobacter.id.11348,Inverse variance weighted,5,0.087773492421094,0.0854320065515214,0.304228576472025,-0.0796732404198879,0.255220225262076,1.09174080645297,0.923418032783152,1.290745844417,OK,方法成功运行,0.950966296052451,NO_PRIMARY_EVIDENCE,主分析未见统计学证据（IVW P>=0.05）
phylum.Proteobacteria.id.2375,Inverse variance weighted,10,-0.125197430021016,0.126156376392728,0.321003049328006,-0.372463927750763,0.122069067708731,0.882322688400692,0.689034506134036,1.12983213400228,OK,方法成功运行,0.950966296052451,NO_PRIMARY_EVIDENCE,主分析未见统计学证据（IVW P>=0.05）
genus.Sutterella.id.2896,Inverse variance weighted,12,0.0795312584205564,0.080897820694186,0.32555450810768,-0.0790284701400482,0.238090986981161,1.08277940497447,0.924013617273514,1.26882463409608,OK,方法成功运行,0.950966296052451,NO_PRIMARY_EVIDENCE,主分析未见统计学证据（IVW P>=0.05）
family.Alcaligenaceae.id.2875,Inverse variance weighted,12,0.0887775378412289,0.090347427498735,0.325792597415446,-0.0883034200562916,0.265858495738749,1.09283751428977,0.915483058656479,1.30455044617836,OK,方法成功运行,0.950966296052451,NO_PRIMARY_EVIDENCE,主分析未见统计学证据（IVW P>=0.05）
genus.Lactococcus.id.1851,Inverse variance weighted,6,-0.0608237971164364,0.0627493284101903,0.332388589172764,-0.183812480800409,0.0621648865675366,0.940989030149724,0.832091822390497,1.06413779229112,OK,方法成功运行,0.950966296052451,NO_PRIMARY_EVIDENCE,主分析未见统计学证据（IVW P>=0.05）
genus.DefluviitaleaceaeUCG011.id.11287,Inverse variance weighted,9,0.0691682514855281,0.0717170147750456,0.334814938187011,-0.0713970974735613,0.209733600444617,1.07161649504844,0.931092084393228,1.23334945244248,OK,方法成功运行,0.950966296052451,NO_PRIMARY_EVIDENCE,主分析未见统计学证据（IVW P>=0.05）
family.FamilyXIII.id.1957,Inverse variance weighted,8,0.117959109593907,0.12262212155668,0.336063414848424,-0.122380248657186,0.358298467844999,1.12519810061938,0.884811856007361,1.43089263219245,OK,方法成功运行,0.950966296052451,NO_PRIMARY_EVIDENCE,主分析未见统计学证据（IVW P>=0.05）
genus.ErysipelotrichaceaeUCG003.id.11384,Inverse variance weighted,15,-0.0664284691612486,0.0699752501828388,0.342461047779321,-0.203579959519613,0.0707230211971155,0.935729847003283,0.815804970341143,1.07328390780292,OK,方法成功运行,0.950966296052451,NO_PRIMARY_EVIDENCE,主分析未见统计学证据（IVW P>=0.05）
genus.Ruminiclostridium5.id.11355,Inverse variance weighted,10,-0.157762720607421,0.166411835012053,0.343116296787889,-0.483929917231046,0.168404476016203,0.854052406964518,0.616356396361598,1.18341517691327,OK,方法成功运行,0.950966296052451,NO_PRIMARY_EVIDENCE,主分析未见统计学证据（IVW P>=0.05）
genus.Ruminococcus2.id.11374,Inverse variance weighted,15,-0.0679912384110504,0.0719881954037889,0.344925640516145,-0.209088101402477,0.0731056245803758,0.934268659219314,0.811323753734063,1.0758441665022,OK,方法成功运行,0.950966296052451,NO_PRIMARY_EVIDENCE,主分析未见统计学证据（IVW P>=0.05）
genus.LachnospiraceaeNC2004group.id.11316,Inverse variance weighted,9,-0.0699092552197834,0.0747789862220934,0.349850995877608,-0.216476068215087,0.0766575577755198,0.932478433617279,0.805351808198302,1.07967228770067,OK,方法成功运行,0.950966296052451,NO_PRIMARY_EVIDENCE,主分析未见统计学证据（IVW P>=0.05）
family.Bifidobacteriaceae.id.433,Inverse variance weighted,9,0.0955377547097695,0.102319967655922,0.350450592011495,-0.105009381895837,0.296084891315376,1.10025036088284,0.900316075874998,1.34458429551677,OK,方法成功运行,0.950966296052451,NO_PRIMARY_EVIDENCE,主分析未见统计学证据（IVW P>=0.05）
order.Bifidobacteriales.id.432,Inverse variance weighted,9,0.0955377547097695,0.102319967655922,0.350450592011495,-0.105009381895837,0.296084891315376,1.10025036088284,0.900316075874998,1.34458429551677,OK,方法成功运行,0.950966296052451,NO_PRIMARY_EVIDENCE,主分析未见统计学证据（IVW P>=0.05）
genus.unknowngenus.id.2041,Inverse variance weighted,11,-0.0760548558836768,0.0814830186551498,0.350622308521104,-0.23576157244777,0.0836518606804168,0.926765366631813,0.789969001856078,1.08725031332898,OK,方法成功运行,0.950966296052451,NO_PRIMARY_EVIDENCE,主分析未见统计学证据（IVW P>=0.05）
genus..Eubacteriumventriosumgroup.id.11341,Inverse variance weighted,14,-0.0822102516827582,0.0888636143263153,0.354899131568108,-0.256382935762336,0.0919624323968197,0.921078280078096,0.773845578900039,1.09632363505589,OK,方法成功运行,0.950966296052451,NO_PRIMARY_EVIDENCE,主分析未见统计学证据（IVW P>=0.05）
genus.Blautia.id.1992,Inverse variance weighted,10,0.08375873059721,0.0907868380381954,0.356222621920035,-0.094183471957653,0.261700933152073,1.08736651388856,0.910115766200375,1.29913795523221,OK,方法成功运行,0.950966296052451,NO_PRIMARY_EVIDENCE,主分析未见统计学证据（IVW P>=0.05）
genus.Lachnospira.id.2004,Inverse variance weighted,6,-0.115900410364295,0.12612933713831,0.358147206128108,-0.363113911155382,0.131313090426792,0.890563909816621,0.695507202957494,1.14032475019002,OK,方法成功运行,0.950966296052451,NO_PRIMARY_EVIDENCE,主分析未见统计学证据（IVW P>=0.05）
class.Clostridia.id.1859,Inverse variance weighted,12,-0.0984196904373688,0.10774899342231,0.361023618759616,-0.309607717545096,0.112768336670359,0.906268471716393,0.733734731037633,1.11937258532885,OK,方法成功运行,0.950966296052451,NO_PRIMARY_EVIDENCE,主分析未见统计学证据（IVW P>=0.05）
genus.RuminococcaceaeUCG009.id.11366,Inverse variance weighted,10,-0.091649677501502,0.100808757897141,0.363274118941014,-0.289234842979898,0.105935487976894,0.91242473647595,0.748836325797226,1.11175015294148,OK,方法成功运行,0.950966296052451,NO_PRIMARY_EVIDENCE,主分析未见统计学证据（IVW P>=0.05）
family.Streptococcaceae.id.1850,Inverse variance weighted,12,-0.0954868618309215,0.105078386144888,0.363497789656075,-0.301440498674903,0.11046677501306,0.90893030325523,0.739751841259952,1.11679924279544,OK,方法成功运行,0.950966296052451,NO_PRIMARY_EVIDENCE,主分析未见统计学证据（IVW P>=0.05）
phylum.Lentisphaerae.id.2238,Inverse variance weighted,8,-0.0511456259154884,0.0582949873224892,0.380291729855739,-0.165403801067567,0.0631125492365905,0.950140295406808,0.8475513928225,1.06514671393479,OK,方法成功运行,0.950966296052451,NO_PRIMARY_EVIDENCE,主分析未见统计学证据（IVW P>=0.05）
family.Clostridiaceae1.id.1869,Inverse variance weighted,10,-0.116101488765501,0.132394321575345,0.380520818614125,-0.375594359053178,0.143391381522175,0.890384854652129,0.686880903558751,1.15418143856737,OK,方法成功运行,0.950966296052451,NO_PRIMARY_EVIDENCE,主分析未见统计学证据（IVW P>=0.05）
class.Lentisphaeria.id.2250,Inverse variance weighted,8,-0.0503853820813058,0.0584753108301809,0.388878919218424,-0.16499699130846,0.0642262271458488,0.950862908354214,0.847896255142368,1.06633360508477,OK,方法成功运行,0.950966296052451,NO_PRIMARY_EVIDENCE,主分析未见统计学证据（IVW P>=0.05）
order.Victivallales.id.2254,Inverse variance weighted,8,-0.0503853820813058,0.0584753108301809,0.388878919218424,-0.16499699130846,0.0642262271458488,0.950862908354214,0.847896255142368,1.06633360508477,OK,方法成功运行,0.950966296052451,NO_PRIMARY_EVIDENCE,主分析未见统计学证据（IVW P>=0.05）
genus.Dorea.id.1997,Inverse variance weighted,9,-0.0859476818134909,0.101166771845261,0.395567344546975,-0.284234554630202,0.11233919100322,0.917642239342118,0.752590100509657,1.11889231449439,OK,方法成功运行,0.950966296052451,NO_PRIMARY_EVIDENCE,主分析未见统计学证据（IVW P>=0.05）
genus.Anaerotruncus.id.2054,Inverse variance weighted,12,-0.0728779667505539,0.0861992598664013,0.39785444206148,-0.2418285160887,0.0960725825875926,0.929714279157911,0.785190813599374,1.10083896283476,OK,方法成功运行,0.950966296052451,NO_PRIMARY_EVIDENCE,主分析未见统计学证据（IVW P>=0.05）
family.Bacteroidaceae.id.917,Inverse variance weighted,8,-0.116131359199182,0.137596649852198,0.398670271753618,-0.38582079290949,0.153558074511127,0.890358258867594,0.679892356294571,1.16597549861301,OK,方法成功运行,0.950966296052451,NO_PRIMARY_EVIDENCE,主分析未见统计学证据（IVW P>=0.05）
genus.Bacteroides.id.918,Inverse variance weighted,8,-0.116131359199182,0.137596649852198,0.398670271753618,-0.38582079290949,0.153558074511127,0.890358258867594,0.679892356294571,1.16597549861301,OK,方法成功运行,0.950966296052451,NO_PRIMARY_EVIDENCE,主分析未见统计学证据（IVW P>=0.05）
genus.RuminococcaceaeUCG005.id.11363,Inverse variance weighted,14,0.0738542561900971,0.0879609659208921,0.401118485064778,-0.0985492370148515,0.246257749395046,1.07664987900567,0.906151075341915,1.27922925161848,OK,方法成功运行,0.950966296052451,NO_PRIMARY_EVIDENCE,主分析未见统计学证据（IVW P>=0.05）
genus..Eubacteriumoxidoreducensgroup.id.11339,Inverse variance weighted,3,-0.116221748555069,0.140554965287204,0.408306456185383,-0.391709480517988,0.15926598340785,0.890277783595175,0.675900447687813,1.1726498105964,OK,方法成功运行,0.953539527654021,NO_PRIMARY_EVIDENCE,主分析未见统计学证据（IVW P>=0.05）
genus.Marvinbryantia.id.2005,Inverse variance weighted,9,-0.0725232431941585,0.0892341792888608,0.416373206969473,-0.247422234600326,0.102375748212009,0.930044129212779,0.780810938524731,1.10779964727115,OK,方法成功运行,0.953539527654021,NO_PRIMARY_EVIDENCE,主分析未见统计学证据（IVW P>=0.05）
family.Victivallaceae.id.2255,Inverse variance weighted,9,0.0530764795811866,0.0660846538768533,0.421882882975943,-0.0764494420174458,0.182602401179819,1.05451029054083,0.926399750007251,1.20033706059161,OK,方法成功运行,0.953539527654021,NO_PRIMARY_EVIDENCE,主分析未见统计学证据（IVW P>=0.05）
genus.Dialister.id.2183,Inverse variance weighted,10,-0.0735896786096113,0.092863187063443,0.428096790813269,-0.25560152525396,0.108422168034737,0.929052825889887,0.774450506284779,1.11451816002377,OK,方法成功运行,0.953539527654021,NO_PRIMARY_EVIDENCE,主分析未见统计学证据（IVW P>=0.05）
genus.Coprobacter.id.949,Inverse variance weighted,11,0.0605585013214417,0.0783139939062305,0.43935777660237,-0.09293692673477,0.214053929377653,1.0624297492966,0.911250974057971,1.2386894547436,OK,方法成功运行,0.953539527654021,NO_PRIMARY_EVIDENCE,主分析未见统计学证据（IVW P>=0.05）
genus.Phascolarctobacterium.id.2168,Inverse variance weighted,9,0.0657177859106136,0.0864278569804512,0.447029050931406,-0.103680813771071,0.235116385592298,1.0679252910711,0.901513002038538,1.26505599445645,OK,方法成功运行,0.953539527654021,NO_PRIMARY_EVIDENCE,主分析未见统计学证据（IVW P>=0.05）
genus.Clostridiumsensustricto1.id.1873,Inverse variance weighted,6,-0.0740565111290783,0.0981158884654181,0.450377321148885,-0.266363652521298,0.118250630263141,0.928619215038157,0.766160460651904,1.12552616693943,OK,方法成功运行,0.953539527654021,NO_PRIMARY_EVIDENCE,主分析未见统计学证据（IVW P>=0.05）
family.unknownfamily.id.1000001214,Inverse variance weighted,8,0.0776680511950881,0.103324458418067,0.452236987111078,-0.124847887304324,0.2801839896945,1.08076384085344,0.882631151777618,1.3233732769842,OK,方法成功运行,0.953539527654021,NO_PRIMARY_EVIDENCE,主分析未见统计学证据（IVW P>=0.05）
genus.unknowngenus.id.1000001215,Inverse variance weighted,8,0.0776680511950881,0.103324458418067,0.452236987111078,-0.124847887304324,0.2801839896945,1.08076384085344,0.882631151777618,1.3233732769842,OK,方法成功运行,0.953539527654021,NO_PRIMARY_EVIDENCE,主分析未见统计学证据（IVW P>=0.05）
order.Gastranaerophilales.id.1591,Inverse variance weighted,8,0.0776680511950881,0.103324458418067,0.452236987111078,-0.124847887304324,0.2801839896945,1.08076384085344,0.882631151777618,1.3233732769842,OK,方法成功运行,0.953539527654021,NO_PRIMARY_EVIDENCE,主分析未见统计学证据（IVW P>=0.05）
family.Pasteurellaceae.id.3689,Inverse variance weighted,14,-0.0436064237038835,0.0585531579181922,0.456433612763299,-0.15837061322354,0.0711577658157733,0.957330665994092,0.853533392581034,1.0737506136477,OK,方法成功运行,0.953539527654021,NO_PRIMARY_EVIDENCE,主分析未见统计学证据（IVW P>=0.05）
order.Pasteurellales.id.3688,Inverse variance weighted,14,-0.0436064237038835,0.0585531579181922,0.456433612763299,-0.15837061322354,0.0711577658157733,0.957330665994092,0.853533392581034,1.0737506136477,OK,方法成功运行,0.953539527654021,NO_PRIMARY_EVIDENCE,主分析未见统计学证据（IVW P>=0.05）
phylum.Bacteroidetes.id.905,Inverse variance weighted,9,-0.0867258957094996,0.120909741969925,0.473202590290619,-0.323708989970553,0.150257198551554,0.91692839519764,0.723460746082034,1.16213310324426,OK,方法成功运行,0.966695313203618,NO_PRIMARY_EVIDENCE,主分析未见统计学证据（IVW P>=0.05）
genus..Eubacteriumruminantiumgroup.id.11340,Inverse variance weighted,17,-0.0351801633738977,0.0505838328286719,0.486753062959335,-0.134324475718094,0.0639641489702992,0.965431465198195,0.87430632739949,1.06605417893637,OK,方法成功运行,0.966695313203618,NO_PRIMARY_EVIDENCE,主分析未见统计学证据（IVW P>=0.05）
genus.RuminococcaceaeUCG004.id.11362,Inverse variance weighted,10,0.0590952092450982,0.0882052610474267,0.502874525978614,-0.113787102407858,0.231977520898055,1.06087624115806,0.892447935675188,1.26109138030801,OK,方法成功运行,0.966695313203618,NO_PRIMARY_EVIDENCE,主分析未见统计学证据（IVW P>=0.05）
genus.RuminococcaceaeUCG010.id.11367,Inverse variance weighted,6,-0.077414979309393,0.117369142463977,0.509519890295094,-0.307458498538788,0.152628539920002,0.925505708186185,0.735313383494432,1.16489218762016,OK,方法成功运行,0.966695313203618,NO_PRIMARY_EVIDENCE,主分析未见统计学证据（IVW P>=0.05）
genus.Haemophilus.id.3698,Inverse variance weighted,9,-0.0418936862580492,0.0638450322388323,0.511709796893065,-0.167029949446161,0.0832425769300621,0.958971727025959,0.846174268506991,1.08680541049512,OK,方法成功运行,0.966695313203618,NO_PRIMARY_EVIDENCE,主分析未见统计学证据（IVW P>=0.05）
family.Defluviitaleaceae.id.1924,Inverse variance weighted,11,0.0429642501996884,0.0661248423900732,0.515857298192615,-0.0866404408848551,0.172568941284232,1.04390057494643,0.917006754500906,1.18835374442425,OK,方法成功运行,0.966695313203618,NO_PRIMARY_EVIDENCE,主分析未见统计学证据（IVW P>=0.05）
genus.Senegalimassilia.id.11160,Inverse variance weighted,4,0.0641846597297536,0.100776056189361,0.5241874647899,-0.133336410401395,0.261705729860902,1.06628928127333,0.875170626079222,1.29914418683366,OK,方法成功运行,0.966695313203618,NO_PRIMARY_EVIDENCE,主分析未见统计学证据（IVW P>=0.05）
genus.unknowngenus.id.2001,Inverse variance weighted,9,-0.0509269484877127,0.0802266814112511,0.525566578134611,-0.208171244053765,0.106317347078339,0.950348092362058,0.81206796299459,1.11217476592193,OK,方法成功运行,0.966695313203618,NO_PRIMARY_EVIDENCE,主分析未见统计学证据（IVW P>=0.05）
genus.unknowngenus.id.2071,Inverse variance weighted,13,0.0462767060822861,0.0730896547581689,0.526635772358671,-0.0969790172437249,0.189532429408297,1.04736418290404,0.907575049359544,1.2086843202712,OK,方法成功运行,0.966695313203618,NO_PRIMARY_EVIDENCE,主分析未见统计学证据（IVW P>=0.05）
genus.RuminococcaceaeUCG002.id.11360,Inverse variance weighted,20,0.0413711294441828,0.0655394766335524,0.527883709078329,-0.0870862447575799,0.169828503645945,1.04223883929803,0.916598040448357,1.18510159328942,OK,方法成功运行,0.966695313203618,NO_PRIMARY_EVIDENCE,主分析未见统计学证据（IVW P>=0.05）
genus.Anaerostipes.id.1991,Inverse variance weighted,11,0.0598492736008719,0.0951789338914991,0.529474772022806,-0.126701436826466,0.24639998402821,1.06167651180727,0.880996666495678,1.27941121526228,OK,方法成功运行,0.966695313203618,NO_PRIMARY_EVIDENCE,主分析未见统计学证据（IVW P>=0.05）
genus..Ruminococcusgauvreauiigroup.id.11342,Inverse variance weighted,10,-0.0846749686623168,0.136175670910717,0.534068863760163,-0.351579283647322,0.182229346322688,0.918810878201477,0.703576065673981,1.19988935253599,OK,方法成功运行,0.966695313203618,NO_PRIMARY_EVIDENCE,主分析未见统计学证据（IVW P>=0.05）
family.Ruminococcaceae.id.2050,Inverse variance weighted,8,-0.0586670131077092,0.0957913684851302,0.540242904047566,-0.246418095338564,0.129084069123146,0.943020730424095,0.781595375220046,1.13778577279737,OK,方法成功运行,0.966695313203618,NO_PRIMARY_EVIDENCE,主分析未见统计学证据（IVW P>=0.05）
order.Burkholderiales.id.2874,Inverse variance weighted,11,0.0593047039529652,0.0970537164780363,0.541166271533429,-0.130920580343986,0.249529988249916,1.0610985123978,0.877287445491526,1.28342205145997,OK,方法成功运行,0.966695313203618,NO_PRIMARY_EVIDENCE,主分析未见统计学证据（IVW P>=0.05）
genus..Eubacteriumrectalegroup.id.14374,Inverse variance weighted,8,-0.0760952465625941,0.126342465225756,0.546978781609478,-0.323726478405076,0.171535985279888,0.926727934705413,0.723448093996779,1.18712686105603,OK,方法成功运行,0.966695313203618,NO_PRIMARY_EVIDENCE,主分析未见统计学证据（IVW P>=0.05）
family.Acidaminococcaceae.id.2166,Inverse variance weighted,7,-0.052842071219666,0.0920325665830891,0.565854735078424,-0.233225901722521,0.127541759283189,0.948529800808595,0.79197464487846,1.13603230714547,OK,方法成功运行,0.966695313203618,NO_PRIMARY_EVIDENCE,主分析未见统计学证据（IVW P>=0.05）
genus.Bifidobacterium.id.436,Inverse variance weighted,10,-0.0487975179017397,0.0858993756595099,0.569982223834759,-0.217160294194379,0.1195652583909,0.952373948852125,0.804800954044515,1.12700678831703,OK,方法成功运行,0.966695313203618,NO_PRIMARY_EVIDENCE,主分析未见统计学证据（IVW P>=0.05）
genus.Turicibacter.id.2162,Inverse variance weighted,10,-0.0479544133884801,0.0849038757030835,0.572204163448841,-0.214366009766524,0.118457182989563,0.95317723820757,0.807052941699645,1.12575867144926,OK,方法成功运行,0.966695313203618,NO_PRIMARY_EVIDENCE,主分析未见统计学证据（IVW P>=0.05）
genus.Alistipes.id.968,Inverse variance weighted,13,-0.0513786383555036,0.0927732685051351,0.579709809527371,-0.233214244625568,0.130456967914561,0.949918926690053,0.791983877057489,1.13934891027899,OK,方法成功运行,0.966695313203618,NO_PRIMARY_EVIDENCE,主分析未见统计学证据（IVW P>=0.05）
genus.Hungatella.id.11306,Inverse variance weighted,4,0.0494000595222159,0.0894794332215197,0.58089159891687,-0.125979629591963,0.224779748636394,1.05064058544561,0.881632805820493,1.25204692077922,OK,方法成功运行,0.966695313203618,NO_PRIMARY_EVIDENCE,主分析未见统计学证据（IVW P>=0.05）
genus.unknowngenus.id.1868,Inverse variance weighted,11,0.0366679474775911,0.0678893662868555,0.58911892123174,-0.0963952104446456,0.169731105399828,1.0373485094542,0.908105052538712,1.18498617209377,OK,方法成功运行,0.966695313203618,NO_PRIMARY_EVIDENCE,主分析未见统计学证据（IVW P>=0.05）
genus..Eubacteriumnodatumgroup.id.11297,Inverse variance weighted,11,-0.0223531618377605,0.042797022525915,0.601456963883028,-0.106235325988554,0.0615290023130329,0.977894818929514,0.899213014983846,1.0634613389202,OK,方法成功运行,0.966695313203618,NO_PRIMARY_EVIDENCE,主分析未见统计学证据（IVW P>=0.05）
genus.Holdemanella.id.11393,Inverse variance weighted,9,-0.0363400058022453,0.0704722998807068,0.606089322752596,-0.174465713568431,0.10178570196394,0.964312365938052,0.839905651103168,1.10714618705051,OK,方法成功运行,0.966695313203618,NO_PRIMARY_EVIDENCE,主分析未见统计学证据（IVW P>=0.05）
class.Alphaproteobacteria.id.2379,Inverse variance weighted,6,0.0604116462088417,0.123869081153224,0.625758375099413,-0.182371752851477,0.30319504526916,1.06227373751198,0.833291504335233,1.35417856480835,OK,方法成功运行,0.966695313203618,NO_PRIMARY_EVIDENCE,主分析未见统计学证据（IVW P>=0.05）
genus.Subdoligranulum.id.2070,Inverse variance weighted,10,-0.0556250773253371,0.116460277076945,0.632912625977256,-0.283887220396149,0.172637065745475,0.945893706416334,0.752851546217668,1.18843470314046,OK,方法成功运行,0.966695313203618,NO_PRIMARY_EVIDENCE,主分析未见统计学证据（IVW P>=0.05）
genus.RuminococcaceaeUCG003.id.11361,Inverse variance weighted,10,-0.040828804585746,0.0856398410830433,0.633540067817831,-0.208682893108511,0.127025283937019,0.95999346235939,0.811652575464314,1.13544572595678,OK,方法成功运行,0.966695313203618,NO_PRIMARY_EVIDENCE,主分析未见统计学证据（IVW P>=0.05）
genus.Erysipelatoclostridium.id.11381,Inverse variance weighted,15,-0.0335264645666281,0.0705646544492095,0.634703605973898,-0.171833187287079,0.104780258153822,0.967029318880918,0.84211963771391,1.1104665675698,OK,方法成功运行,0.966695313203618,NO_PRIMARY_EVIDENCE,主分析未见统计学证据（IVW P>=0.05）
class.Verrucomicrobiae.id.4029,Inverse variance weighted,10,-0.0393915018061991,0.0831765379672392,0.635792949370936,-0.202417516221988,0.12363451260959,0.961374255702533,0.816753848762917,1.13160220907129,OK,方法成功运行,0.966695313203618,NO_PRIMARY_EVIDENCE,主分析未见统计学证据（IVW P>=0.05）
order.Verrucomicrobiales.id.4030,Inverse variance weighted,10,-0.0393915018061991,0.0831765379672392,0.635792949370936,-0.202417516221988,0.12363451260959,0.961374255702533,0.816753848762917,1.13160220907129,OK,方法成功运行,0.966695313203618,NO_PRIMARY_EVIDENCE,主分析未见统计学证据（IVW P>=0.05）
family.Verrucomicrobiaceae.id.4036,Inverse variance weighted,10,-0.0393994344494879,0.0831980666124441,0.635812350541102,-0.202467645009878,0.123668776110902,0.961366629493743,0.816712906908665,1.13164098238932,OK,方法成功运行,0.966695313203618,NO_PRIMARY_EVIDENCE,主分析未见统计学证据（IVW P>=0.05）
genus.Akkermansia.id.4037,Inverse variance weighted,10,-0.0392716354621908,0.0832017718920048,0.636923364512336,-0.20234710837052,0.123803837446139,0.961489499026547,0.816811356671066,1.13179383365333,OK,方法成功运行,0.966695313203618,NO_PRIMARY_EVIDENCE,主分析未见统计学证据（IVW P>=0.05）
phylum.Firmicutes.id.1672,Inverse variance weighted,15,0.0328255147377775,0.0716296126739537,0.646760358528886,-0.107568526103172,0.173219555578727,1.03337021563681,0.898014982874927,1.1891271559263,OK,方法成功运行,0.966695313203618,NO_PRIMARY_EVIDENCE,主分析未见统计学证据（IVW P>=0.05）
genus.Bilophila.id.3170,Inverse variance weighted,12,0.0594423393905359,0.131246104685487,0.650615381766261,-0.197800025793018,0.31668470457409,1.06124456720678,0.820533922352903,1.37256973873352,OK,方法成功运行,0.966695313203618,NO_PRIMARY_EVIDENCE,主分析未见统计学证据（IVW P>=0.05）
genus.Lachnoclostridium.id.11308,Inverse variance weighted,10,0.0456555240456782,0.101009063217166,0.651273065759744,-0.152322239859968,0.243633287951324,1.0467137811177,0.858711525071073,1.27587636545466,OK,方法成功运行,0.966695313203618,NO_PRIMARY_EVIDENCE,主分析未见统计学证据（IVW P>=0.05）
genus.Alloprevotella.id.961,Inverse variance weighted,6,0.0265020304459949,0.0592877344229004,0.654870028321609,-0.0897019290228899,0.14270598991488,1.02685633223589,0.914203642236373,1.15339064332925,OK,方法成功运行,0.966695313203618,NO_PRIMARY_EVIDENCE,主分析未见统计学证据（IVW P>=0.05）
genus.LachnospiraceaeUCG010.id.11330,Inverse variance weighted,8,-0.0396781143512238,0.0895395283845188,0.657667965903908,-0.215175589984881,0.135819361282433,0.961098753263498,0.806399832010892,1.14547495777774,OK,方法成功运行,0.966695313203618,NO_PRIMARY_EVIDENCE,主分析未见统计学证据（IVW P>=0.05）
genus.Oscillospira.id.2064,Inverse variance weighted,7,-0.0387719213452561,0.0886700231945692,0.661922252778373,-0.212565166806612,0.135021324116099,0.961970088971284,0.808507626744509,1.14456119084681,OK,方法成功运行,0.966695313203618,NO_PRIMARY_EVIDENCE,主分析未见统计学证据（IVW P>=0.05）
class.Gammaproteobacteria.id.3303,Inverse variance weighted,6,0.0538305543715887,0.123185694286632,0.662120732504613,-0.187613406430211,0.295274515173388,1.05530577005498,0.828935106278445,1.34349511786419,OK,方法成功运行,0.966695313203618,NO_PRIMARY_EVIDENCE,主分析未见统计学证据（IVW P>=0.05）
genus.LachnospiraceaeND3007group.id.11317,Inverse variance weighted,3,-0.124594009073454,0.289179031049028,0.666574364437631,-0.691384909929549,0.44219689178264,0.882855261059972,0.500881912170918,1.55612209792735,OK,方法成功运行,0.966695313203618,NO_PRIMARY_EVIDENCE,主分析未见统计学证据（IVW P>=0.05）
family.Oxalobacteraceae.id.2966,Inverse variance weighted,14,0.0186929532543586,0.0434494201204732,0.667033208686889,-0.0664679101817689,0.103853816690486,1.01886876024712,0.935692941590984,1.1094382617041,OK,方法成功运行,0.966695313203618,NO_PRIMARY_EVIDENCE,主分析未见统计学证据（IVW P>=0.05）
genus.Ruminococcus1.id.11373,Inverse variance weighted,8,-0.0528486175104363,0.124230317997817,0.67053900298935,-0.296340040786158,0.190642805765285,0.948523591477039,0.743534552954776,1.21002716015435,OK,方法成功运行,0.966695313203618,NO_PRIMARY_EVIDENCE,主分析未见统计学证据（IVW P>=0.05）
order.Bacillales.id.1674,Inverse variance weighted,9,-0.0195230640259238,0.0466058988510504,0.675291522332979,-0.110870625773983,0.071824497722135,0.980666276815401,0.895054538426934,1.0744667561523,OK,方法成功运行,0.966695313203618,NO_PRIMARY_EVIDENCE,主分析未见统计学证据（IVW P>=0.05）
family.Lactobacillaceae.id.1836,Inverse variance weighted,7,0.055056502535554,0.132192747867226,0.677054001600934,-0.204041283284209,0.314154288355316,1.05660031358569,0.815428706917352,1.36910095658741,OK,方法成功运行,0.966695313203618,NO_PRIMARY_EVIDENCE,主分析未见统计学证据（IVW P>=0.05）
genus.Olsenella.id.822,Inverse variance weighted,11,-0.0189367138873187,0.0462256922909394,0.682057014645566,-0.10953907077756,0.0716656430029226,0.981241459235403,0.896247146605124,1.07429608559372,OK,方法成功运行,0.966695313203618,NO_PRIMARY_EVIDENCE,主分析未见统计学证据（IVW P>=0.05）
phylum.Actinobacteria.id.400,Inverse variance weighted,12,0.03090099424079,0.0757867756300031,0.683467528828768,-0.117641085994016,0.179443074475596,1.03138338593631,0.889015075322398,1.19655078784765,OK,方法成功运行,0.966695313203618,NO_PRIMARY_EVIDENCE,主分析未见统计学证据（IVW P>=0.05）
genus.Butyricicoccus.id.2055,Inverse variance weighted,8,0.0468380330738626,0.117025394017218,0.688981081130014,-0.182531739199884,0.276207805347609,1.04795226172673,0.833158199734038,1.31812174831711,OK,方法成功运行,0.966695313203618,NO_PRIMARY_EVIDENCE,主分析未见统计学证据（IVW P>=0.05）
class.Mollicutes.id.3920,Inverse variance weighted,11,-0.0285208282805757,0.0739857057742804,0.699873627390812,-0.173532811598165,0.116491155037014,0.971882051303275,0.8406895663411,1.12354757268656,OK,方法成功运行,0.966695313203618,NO_PRIMARY_EVIDENCE,主分析未见统计学证据（IVW P>=0.05）
phylum.Tenericutes.id.3919,Inverse variance weighted,11,-0.0285208282805757,0.0739857057742804,0.699873627390812,-0.173532811598165,0.116491155037014,0.971882051303275,0.8406895663411,1.12354757268656,OK,方法成功运行,0.966695313203618,NO_PRIMARY_EVIDENCE,主分析未见统计学证据（IVW P>=0.05）
family.Veillonellaceae.id.2172,Inverse variance weighted,19,0.0285391741552134,0.0752255626892231,0.704404711345925,-0.118902928715664,0.175981277026091,1.02895031830449,0.887893985588382,1.19241573287301,OK,方法成功运行,0.966695313203618,NO_PRIMARY_EVIDENCE,主分析未见统计学证据（IVW P>=0.05）
genus.LachnospiraceaeNK4A136group.id.11319,Inverse variance weighted,13,-0.0275100150136332,0.0732184929184713,0.707121382987511,-0.171018261133837,0.11599823110657,0.972864939249035,0.842806182734593,1.12299388567499,OK,方法成功运行,0.966695313203618,NO_PRIMARY_EVIDENCE,主分析未见统计学证据（IVW P>=0.05）
genus.Tyzzerella3.id.11335,Inverse variance weighted,13,0.0173882627866774,0.0469289235256385,0.710992568666431,-0.074592427323574,0.109368952896929,1.01754031867877,0.928121686291063,1.11557386863192,OK,方法成功运行,0.966695313203618,NO_PRIMARY_EVIDENCE,主分析未见统计学证据（IVW P>=0.05）
class.Negativicutes.id.2164,Inverse variance weighted,12,-0.0327370916807858,0.0886629001849609,0.711955547964105,-0.206516376043309,0.141042192681738,0.967792966966951,0.813412940862344,1.15147323070337,OK,方法成功运行,0.966695313203618,NO_PRIMARY_EVIDENCE,主分析未见统计学证据（IVW P>=0.05）
order.Selenomonadales.id.2165,Inverse variance weighted,12,-0.0327370916807858,0.0886629001849609,0.711955547964105,-0.206516376043309,0.141042192681738,0.967792966966951,0.813412940862344,1.15147323070337,OK,方法成功运行,0.966695313203618,NO_PRIMARY_EVIDENCE,主分析未见统计学证据（IVW P>=0.05）
genus.Parasutterella.id.2892,Inverse variance weighted,13,-0.0262218854914364,0.0714827069868062,0.713747038116337,-0.166327991185577,0.113884220202704,0.974118922771597,0.846768456047691,1.12062237194184,OK,方法成功运行,0.966695313203618,NO_PRIMARY_EVIDENCE,主分析未见统计学证据（IVW P>=0.05）
genus..Eubacteriumfissicatenagroup.id.14373,Inverse variance weighted,8,-0.0245104572684746,0.0670539085246727,0.714713122558125,-0.155936117976833,0.106915203439884,0.975787484793351,0.855613846968807,1.11283988548405,OK,方法成功运行,0.966695313203618,NO_PRIMARY_EVIDENCE,主分析未见统计学证据（IVW P>=0.05）
genus.CandidatusSoleaferrea.id.11350,Inverse variance weighted,10,-0.0209952411860547,0.0600273401391034,0.726517836576528,-0.138648827858697,0.0966583454865879,0.979223624501412,0.870533681963784,1.10148398235276,OK,方法成功运行,0.974100500174659,NO_PRIMARY_EVIDENCE,主分析未见统计学证据（IVW P>=0.05）
family.Porphyromonadaceae.id.943,Inverse variance weighted,8,0.0400236165420638,0.115710129211558,0.729421227618939,-0.18676823671259,0.266815469796718,1.04083535483407,0.829635993270654,1.30579946465648,OK,方法成功运行,0.974100500174659,NO_PRIMARY_EVIDENCE,主分析未见统计学证据（IVW P>=0.05）
genus.Actinomyces.id.423,Inverse variance weighted,6,-0.0299704593219659,0.0915974550784694,0.743518503259126,-0.209501471275766,0.149560552631834,0.970474201590999,0.810988446244567,1.16132378989486,OK,方法成功运行,0.986681787343872,NO_PRIMARY_EVIDENCE,主分析未见统计学证据（IVW P>=0.05）
genus.Collinsella.id.815,Inverse variance weighted,8,0.0325525091083564,0.101716644554041,0.748944609918878,-0.166812114217563,0.231917132434276,1.03308813825677,0.846358615150072,1.26101522723627,OK,方法成功运行,0.986714415213236,NO_PRIMARY_EVIDENCE,主分析未见统计学证据（IVW P>=0.05）
genus.Intestinibacter.id.11345,Inverse variance weighted,15,0.0274235435340793,0.0871504106736987,0.753012888344386,-0.14339126138637,0.198238348454529,1.02780302991579,0.866415007831927,1.21925296625171,OK,方法成功运行,0.986714415213236,NO_PRIMARY_EVIDENCE,主分析未见统计学证据（IVW P>=0.05）
family.Peptococcaceae.id.2024,Inverse variance weighted,8,-0.0301081697729867,0.0980852284250211,0.758874376987293,-0.222355217486028,0.162138877940055,0.97034056635269,0.800630915715972,1.17602355370909,OK,方法成功运行,0.986714415213236,NO_PRIMARY_EVIDENCE,主分析未见统计学证据（IVW P>=0.05）
class.Actinobacteria.id.419,Inverse variance weighted,10,-0.0279447783246813,0.0940693602721969,0.766416366869497,-0.212320724458187,0.156431167808825,0.972442065198566,0.808705284404477,1.16933027198408,OK,方法成功运行,0.986714415213236,NO_PRIMARY_EVIDENCE,主分析未见统计学证据（IVW P>=0.05）
order.Lactobacillales.id.1800,Inverse variance weighted,15,-0.0215847007970549,0.0739207365939931,0.770288219821229,-0.166469344521281,0.123299942927172,0.978646581813018,0.846648770961001,1.13122367260653,OK,方法成功运行,0.986714415213236,NO_PRIMARY_EVIDENCE,主分析未见统计学证据（IVW P>=0.05）
class.Betaproteobacteria.id.2867,Inverse variance weighted,12,0.0262506401323409,0.0904406071314443,0.771622839585478,-0.15101294984529,0.203514230109972,1.0265982229449,0.859836563836632,1.22570259939989,OK,方法成功运行,0.986714415213236,NO_PRIMARY_EVIDENCE,主分析未见统计学证据（IVW P>=0.05）
genus.Roseburia.id.2012,Inverse variance weighted,13,0.0340356625406844,0.121581322205201,0.779522356709339,-0.20426372898151,0.272335054062879,1.03462150330166,0.815247338483104,1.31302686260332,OK,方法成功运行,0.986714415213236,NO_PRIMARY_EVIDENCE,主分析未见统计学证据（IVW P>=0.05）
genus.Slackia.id.825,Inverse variance weighted,5,-0.0231585615625187,0.0832814280869365,0.780954063225641,-0.186390160612914,0.140073037487877,0.977107539791264,0.829949718113335,1.15035781503399,OK,方法成功运行,0.986714415213236,NO_PRIMARY_EVIDENCE,主分析未见统计学证据（IVW P>=0.05）
genus.Victivallis.id.2256,Inverse variance weighted,10,0.0193963431283449,0.0719338330783673,0.787436107763576,-0.121593969705255,0.160386655961945,1.01958567432149,0.885507838528505,1.17396470369939,OK,方法成功运行,0.987798374703343,NO_PRIMARY_EVIDENCE,主分析未见统计学证据（IVW P>=0.05）
genus..Clostridiuminnocuumgroup.id.14397,Inverse variance weighted,9,-0.0129766051063813,0.0505416752619281,0.797371312578595,-0.11203828861976,0.0860850784069979,0.987107228018747,0.894010026435067,1.08989905123578,OK,方法成功运行,0.987798374703343,NO_PRIMARY_EVIDENCE,主分析未见统计学证据（IVW P>=0.05）
genus.Oscillibacter.id.2063,Inverse variance weighted,11,0.0179060281019402,0.0743499622738519,0.80968347155123,-0.127819897954809,0.16363195415869,1.01806730217778,0.880011856808343,1.17778075800322,OK,方法成功运行,0.987798374703343,NO_PRIMARY_EVIDENCE,主分析未见统计学证据（IVW P>=0.05）
genus..Ruminococcusgnavusgroup.id.14376,Inverse variance weighted,12,0.0137991981929409,0.0589136638822633,0.814808393374266,-0.101671583016295,0.129269979402177,1.01389484657895,0.903326170615116,1.13799731853153,OK,方法成功运行,0.987798374703343,NO_PRIMARY_EVIDENCE,主分析未见统计学证据（IVW P>=0.05）
genus.Ruminiclostridium6.id.11356,Inverse variance weighted,14,0.0192450542341208,0.0830684525820132,0.816788856101485,-0.143569112826625,0.182059221294867,1.01943143399997,0.866260928376959,1.19968523868943,OK,方法成功运行,0.987798374703343,NO_PRIMARY_EVIDENCE,主分析未见统计学证据（IVW P>=0.05）
genus.LachnospiraceaeUCG004.id.11324,Inverse variance weighted,12,-0.0264425600535327,0.115024933202773,0.818180772498341,-0.251891429130968,0.199006309023902,0.973903983221603,0.777329128786713,1.22018966408134,OK,方法成功运行,0.987798374703343,NO_PRIMARY_EVIDENCE,主分析未见统计学证据（IVW P>=0.05）
class.Melainabacteria.id.1589,Inverse variance weighted,8,0.0224374287123193,0.101057398561066,0.824293190864843,-0.175635072467371,0.220509929892009,1.02269104106706,0.838924073975606,1.24671230439531,OK,方法成功运行,0.987798374703343,NO_PRIMARY_EVIDENCE,主分析未见统计学证据（IVW P>=0.05）
genus.LachnospiraceaeUCG008.id.11328,Inverse variance weighted,9,0.0137200791424017,0.0637691117178607,0.829648480183627,-0.111267379824605,0.138707538109409,1.01381463135466,0.894699492350926,1.14878807413657,OK,方法成功运行,0.987798374703343,NO_PRIMARY_EVIDENCE,主分析未见统计学证据（IVW P>=0.05）
genus.Oxalobacter.id.2978,Inverse variance weighted,10,0.00953934706133304,0.0453384188846366,0.83335301863867,-0.0793239539525547,0.0984026480752208,1.00958499165694,0.923740626541231,1.10340698037215,OK,方法成功运行,0.987798374703343,NO_PRIMARY_EVIDENCE,主分析未见统计学证据（IVW P>=0.05）
genus.Butyricimonas.id.945,Inverse variance weighted,12,0.017196775617953,0.0818764711126092,0.833641776455161,-0.143281107762761,0.177674658998667,1.01734549141814,0.866510451841245,1.19443665879571,OK,方法成功运行,0.987798374703343,NO_PRIMARY_EVIDENCE,主分析未见统计学证据（IVW P>=0.05）
genus.Adlercreutzia.id.812,Inverse variance weighted,8,-0.0154617539870232,0.0788331923475463,0.844506430243003,-0.169974810988214,0.139051303014167,0.984657165242304,0.843686067947042,1.14918305504586,OK,方法成功运行,0.987798374703343,NO_PRIMARY_EVIDENCE,主分析未见统计学证据（IVW P>=0.05）
family.unknownfamily.id.1000005471,Inverse variance weighted,11,0.0229570637448328,0.119259483298673,0.847353108157844,-0.210791523520567,0.256705651010232,1.02322260525717,0.809942903326479,1.29266457624265,OK,方法成功运行,0.987798374703343,NO_PRIMARY_EVIDENCE,主分析未见统计学证据（IVW P>=0.05）
genus.unknowngenus.id.1000005472,Inverse variance weighted,11,0.0229570637448328,0.119259483298673,0.847353108157844,-0.210791523520567,0.256705651010232,1.02322260525717,0.809942903326479,1.29266457624265,OK,方法成功运行,0.987798374703343,NO_PRIMARY_EVIDENCE,主分析未见统计学证据（IVW P>=0.05）
order.MollicutesRF9.id.11579,Inverse variance weighted,11,0.0229570637448328,0.119259483298673,0.847353108157844,-0.210791523520567,0.256705651010232,1.02322260525717,0.809942903326479,1.29266457624265,OK,方法成功运行,0.987798374703343,NO_PRIMARY_EVIDENCE,主分析未见统计学证据（IVW P>=0.05）
genus.Ruminiclostridium9.id.11357,Inverse variance weighted,9,-0.0187595873432233,0.107914106517368,0.861992670888387,-0.230271236117265,0.192752061430818,0.981415278537552,0.794318125517846,1.21258211037172,OK,方法成功运行,0.988604224054613,NO_PRIMARY_EVIDENCE,主分析未见统计学证据（IVW P>=0.05）
genus.unknowngenus.id.826,Inverse variance weighted,10,-0.0146968122834421,0.085847563480288,0.864069168955209,-0.182958036704807,0.153564412137922,0.985410658724281,0.832803102166266,1.16598288815398,OK,方法成功运行,0.988604224054613,NO_PRIMARY_EVIDENCE,主分析未见统计学证据（IVW P>=0.05）
genus.Desulfovibrio.id.3173,Inverse variance weighted,8,0.0136274794329153,0.0804264812628978,0.865450402040355,-0.144008423842364,0.171263382708195,1.01372075676077,0.865880453988032,1.18680329132575,OK,方法成功运行,0.988604224054613,NO_PRIMARY_EVIDENCE,主分析未见统计学证据（IVW P>=0.05）
genus.Coprococcus1.id.11301,Inverse variance weighted,12,0.0132181811703644,0.0788003313432387,0.866785694076319,-0.141230468262383,0.167666830603112,1.01330592751655,0.868289175538505,1.18254255801747,OK,方法成功运行,0.988604224054613,NO_PRIMARY_EVIDENCE,主分析未见统计学证据（IVW P>=0.05）
genus.ChristensenellaceaeR.7group.id.11283,Inverse variance weighted,9,0.0166326128578502,0.103671923134584,0.872538360884798,-0.186564356485934,0.219829582201635,1.01677170484745,0.829805156888976,1.24586439502775,OK,方法成功运行,0.989790372598982,NO_PRIMARY_EVIDENCE,主分析未见统计学证据（IVW P>=0.05）
genus.FamilyXIIIAD3011group.id.11293,Inverse variance weighted,10,-0.0140160934104988,0.0907131458118753,0.87720758140289,-0.191813859201774,0.163781672380777,0.986081674717988,0.825460506069632,1.17795710644527,OK,方法成功运行,0.989790372598982,NO_PRIMARY_EVIDENCE,主分析未见统计学证据（IVW P>=0.05）
family.Lachnospiraceae.id.1987,Inverse variance weighted,16,-0.013419575984723,0.101012213633189,0.894311200903205,-0.211403514705773,0.184564362736327,0.986670065095305,0.809447377053444,1.20269438749555,OK,方法成功运行,0.993751932700575,NO_PRIMARY_EVIDENCE,主分析未见统计学证据（IVW P>=0.05）
genus.Intestinimonas.id.2062,Inverse variance weighted,15,0.00708037444908305,0.0624216671574059,0.90969112041139,-0.115266093179433,0.129426842077599,1.00710549956365,0.89112898900961,1.13817584183699,OK,方法成功运行,0.993751932700575,NO_PRIMARY_EVIDENCE,主分析未见统计学证据（IVW P>=0.05）
genus.Escherichia.Shigella.id.3504,Inverse variance weighted,10,0.00848265032067117,0.0793574623049139,0.914874935222068,-0.14705797579696,0.164023276438302,1.00851872994369,0.863243928710789,1.17824174004471,OK,方法成功运行,0.993751932700575,NO_PRIMARY_EVIDENCE,主分析未见统计学证据（IVW P>=0.05）
family.Enterobacteriaceae.id.3469,Inverse variance weighted,6,-0.00980363483140021,0.1164560336888,0.932910821268751,-0.238057460861447,0.218450191198647,0.990244264140748,0.788157401589345,1.24414704561078,OK,方法成功运行,0.993751932700575,NO_PRIMARY_EVIDENCE,主分析未见统计学证据（IVW P>=0.05）
order.Enterobacteriales.id.3468,Inverse variance weighted,6,-0.00980363483140021,0.1164560336888,0.932910821268751,-0.238057460861447,0.218450191198647,0.990244264140748,0.788157401589345,1.24414704561078,OK,方法成功运行,0.993751932700575,NO_PRIMARY_EVIDENCE,主分析未见统计学证据（IVW P>=0.05）
genus.Parabacteroides.id.954,Inverse variance weighted,6,-0.0149755056357268,0.179290888662107,0.93343306128064,-0.366385647413456,0.336434636142002,0.985136069589284,0.693235405211847,1.39994736031875,OK,方法成功运行,0.993751932700575,NO_PRIMARY_EVIDENCE,主分析未见统计学证据（IVW P>=0.05）
genus..Eubacteriumbrachygroup.id.11296,Inverse variance weighted,10,0.00398626156211924,0.0478307989102026,0.933580484331499,-0.0897621043018779,0.0977346274261163,1.00399421727041,0.914148631432312,1.10267012786865,OK,方法成功运行,0.993751932700575,NO_PRIMARY_EVIDENCE,主分析未见统计学证据（IVW P>=0.05）
genus.Catenibacterium.id.2153,Inverse variance weighted,4,0.00788994433713546,0.0961094834963795,0.934572523651319,-0.180484643315768,0.196264531990039,1.00792115196946,0.834865501364382,1.21684875818583,OK,方法成功运行,0.993751932700575,NO_PRIMARY_EVIDENCE,主分析未见统计学证据（IVW P>=0.05）
family.Peptostreptococcaceae.id.2042,Inverse variance weighted,14,0.0075961650522545,0.0969171550193626,0.937527436536753,-0.182361458785696,0.197553788890205,1.00762508910491,0.833300082336944,1.21841860059141,OK,方法成功运行,0.993751932700575,NO_PRIMARY_EVIDENCE,主分析未见统计学证据（IVW P>=0.05）
phylum.Cyanobacteria.id.1500,Inverse variance weighted,8,-0.00674834528252313,0.0938525838488582,0.942678568824955,-0.190699409626285,0.177202719061239,0.993274373665674,0.826380952980773,1.19387308942961,OK,方法成功运行,0.993751932700575,NO_PRIMARY_EVIDENCE,主分析未见统计学证据（IVW P>=0.05）
genus.RuminococcaceaeNK4A214group.id.11358,Inverse variance weighted,11,0.0064366075299278,0.0895250606417081,0.942683662002601,-0.16903251132782,0.181905726387676,1.00645736700447,0.844481447726542,1.19950110724704,OK,方法成功运行,0.993751932700575,NO_PRIMARY_EVIDENCE,主分析未见统计学证据（IVW P>=0.05）
genus.Lactobacillus.id.1837,Inverse variance weighted,8,-0.00878961237217033,0.122608550630804,0.942849877800678,-0.249102371608546,0.231523146864205,0.991248903341983,0.779500170613674,1.26051850329056,OK,方法成功运行,0.993751932700575,NO_PRIMARY_EVIDENCE,主分析未见统计学证据（IVW P>=0.05）
genus.Enterorhabdus.id.820,Inverse variance weighted,5,0.0091371911052783,0.138028400449559,0.947220263733969,-0.261398473775857,0.279672855986414,1.00917906266825,0.76997404401357,1.32269702913521,OK,方法成功运行,0.993751932700575,NO_PRIMARY_EVIDENCE,主分析未见统计学证据（IVW P>=0.05）
genus.Eisenbergiella.id.11304,Inverse variance weighted,11,-0.00311152565324716,0.0605472477020403,0.959014718953319,-0.121784131149246,0.115561079842752,0.996893310125848,0.885339465088841,1.12250307476573,OK,方法成功运行,0.993751932700575,NO_PRIMARY_EVIDENCE,主分析未见统计学证据（IVW P>=0.05）
genus.Eggerthella.id.819,Inverse variance weighted,8,0.00308177578799362,0.0610340282214038,0.959729728533085,-0.116544919525958,0.122708471101945,1.00308652934087,0.889990118144555,1.13055478351018,OK,方法成功运行,0.993751932700575,NO_PRIMARY_EVIDENCE,主分析未见统计学证据（IVW P>=0.05）
genus.Sellimonas.id.14369,Inverse variance weighted,8,0.00234778254690589,0.0469413073077646,0.960110213268139,-0.0896571797763127,0.0943527448701245,1.00235054074648,0.914244553075939,1.09894732558642,OK,方法成功运行,0.993751932700575,NO_PRIMARY_EVIDENCE,主分析未见统计学证据（IVW P>=0.05）
phylum.Verrucomicrobia.id.3982,Inverse variance weighted,11,-0.00393681075623695,0.0958825017103854,0.967249100415734,-0.191866514108592,0.183992892596118,0.996070928324132,0.825417042667893,1.20200727991473,OK,方法成功运行,0.993751932700575,NO_PRIMARY_EVIDENCE,主分析未见统计学证据（IVW P>=0.05）
family.Rikenellaceae.id.967,Inverse variance weighted,17,0.00286995338964273,0.0738950186827453,0.969019346792554,-0.141964283228538,0.147704190007823,1.00287407564849,0.867652245669461,1.15916995158792,OK,方法成功运行,0.993751932700575,NO_PRIMARY_EVIDENCE,主分析未见统计学证据（IVW P>=0.05）
genus.Romboutsia.id.11347,Inverse variance weighted,12,0.00314558365789458,0.0842116692932511,0.970203308702931,-0.161909288156878,0.168200455472667,1.00315053619768,0.850518353128457,1.18317376053344,OK,方法成功运行,0.993751932700575,NO_PRIMARY_EVIDENCE,主分析未见统计学证据（IVW P>=0.05）
class.Bacteroidia.id.912,Inverse variance weighted,10,0.00201180581352507,0.0948861572442321,0.983084270802905,-0.18396506238517,0.18798867401222,1.00201383085261,0.831964870187101,1.20681984684536,OK,方法成功运行,0.994672201665366,NO_PRIMARY_EVIDENCE,主分析未见统计学证据（IVW P>=0.05）
order.Bacteroidales.id.913,Inverse variance weighted,10,0.00201180581352507,0.0948861572442321,0.983084270802905,-0.18396506238517,0.18798867401222,1.00201383085261,0.831964870187101,1.20681984684536,OK,方法成功运行,0.994672201665366,NO_PRIMARY_EVIDENCE,主分析未见统计学证据（IVW P>=0.05）
genus.FamilyXIIIUCG001.id.11294,Inverse variance weighted,7,0.00109984184303386,0.100395811074636,0.991259303909931,-0.195675947863252,0.19787563154932,1.00110044689087,0.822278652663595,1.21881080278405,OK,方法成功运行,0.994672201665366,NO_PRIMARY_EVIDENCE,主分析未见统计学证据（IVW P>=0.05）
genus.Veillonella.id.2198,Inverse variance weighted,5,-0.00102970218633176,0.115651276619598,0.992896121460857,-0.227706204360744,0.225646799988081,0.998970827775048,0.796358192033746,1.253132980521,OK,方法成功运行,0.994672201665366,NO_PRIMARY_EVIDENCE,主分析未见统计学证据（IVW P>=0.05）
genus..Eubacteriumhalliigroup.id.11338,Inverse variance weighted,14,-0.000507973141165349,0.0760728708607851,0.994672201665366,-0.149610800028304,0.148594853745974,0.999492155855348,0.861043029142145,1.16020284214095,OK,方法成功运行,0.994672201665366,NO_PRIMARY_EVIDENCE,主分析未见统计学证据（IVW P>=0.05）
