cell_type,gene,cis_variant_count,minimum_nominal_p,bonferroni_p_within_gene,lead_variant,lead_slope,lead_slope_se,donor_n_inferred_from_af_and_minor_allele_count,availability_status_zh
Purkinje,CA1,0,,,,,,103,该细胞类型未提供该基因cis-eQTL结果
Purkinje,CA2,0,,,,,,103,该细胞类型未提供该基因cis-eQTL结果
Purkinje,CA3,2361,0.01824875262992971,1.0,rs34490550,0.6506236,0.26855916,103,存在可检验cis-eQTL汇总统计
Purkinje,CA13,2268,0.0004812828311655886,1.0,8:86108513:A:G,0.47657755,0.12952457,103,存在可检验cis-eQTL汇总统计
Oligodendrocytes,CA1,0,,,,,,103,该细胞类型未提供该基因cis-eQTL结果
Oligodendrocytes,CA2,2408,0.007726949784765146,1.0,8:85979076:C:T,-0.22095288,0.08033001,103,存在可检验cis-eQTL汇总统计
Oligodendrocytes,CA3,2361,1.200569926611447e-06,0.002834545596729626,rs141887100,1.0311339,0.19225971,103,存在可检验cis-eQTL汇总统计
Oligodendrocytes,CA13,2268,0.008193155456758671,1.0,8:85979076:C:T,-0.40584686,0.14871608,103,存在可检验cis-eQTL汇总统计
OPC,CA1,0,,,,,,103,该细胞类型未提供该基因cis-eQTL结果
OPC,CA2,0,,,,,,103,该细胞类型未提供该基因cis-eQTL结果
OPC,CA3,2361,0.003247476328969456,1.0,rs11782151,-0.6119231,0.20008232,103,存在可检验cis-eQTL汇总统计
OPC,CA13,2268,0.0029684142185686544,1.0,rs60774626,0.81691605,0.26444447,103,存在可检验cis-eQTL汇总统计
Granule,CA1,0,,,,,,103,该细胞类型未提供该基因cis-eQTL结果
Granule,CA2,0,,,,,,103,该细胞类型未提供该基因cis-eQTL结果
Granule,CA3,2361,4.199902104157694e-08,9.915968867916315e-05,8:85230496:T:C,-0.6337409,0.10184328,103,存在可检验cis-eQTL汇总统计
Granule,CA13,2268,0.007413580967156454,1.0,rs10090327,0.4345284,0.15711121,103,存在可检验cis-eQTL汇总统计
MLI_1,CA1,0,,,,,,103,该细胞类型未提供该基因cis-eQTL结果
MLI_1,CA2,0,,,,,,103,该细胞类型未提供该基因cis-eQTL结果
MLI_1,CA3,2361,0.009481083581284492,1.0,rs111617018,0.56990445,0.21306379,103,存在可检验cis-eQTL汇总统计
MLI_1,CA13,2268,0.001450303618809928,1.0,8:84294883:G:A,-1.0047258,0.30183715,103,存在可检验cis-eQTL汇总统计
MLI_2,CA1,0,,,,,,103,该细胞类型未提供该基因cis-eQTL结果
MLI_2,CA2,0,,,,,,103,该细胞类型未提供该基因cis-eQTL结果
MLI_2,CA3,2361,0.03841698328532191,1.0,rs72682991,0.33337066,0.1576962,103,存在可检验cis-eQTL汇总统计
MLI_2,CA13,2268,0.00034426825946937345,0.780800412476539,rs4960933,-0.51176965,0.13530503,103,存在可检验cis-eQTL汇总统计
Bergmann,CA1,0,,,,,,103,该细胞类型未提供该基因cis-eQTL结果
Bergmann,CA2,0,,,,,,103,该细胞类型未提供该基因cis-eQTL结果
Bergmann,CA3,2361,0.0023417754044295154,1.0,8:85314559:G:A,-0.4128117,0.13023888,103,存在可检验cis-eQTL汇总统计
Bergmann,CA13,2268,0.0006749414134149112,1.0,rs146790092,1.091903,0.30551586,103,存在可检验cis-eQTL汇总统计
Astrocytes,CA1,0,,,,,,103,该细胞类型未提供该基因cis-eQTL结果
Astrocytes,CA2,0,,,,,,103,该细胞类型未提供该基因cis-eQTL结果
Astrocytes,CA3,2361,0.0005125158245877659,1.0,rs17787564,-0.95049304,0.25970092,103,存在可检验cis-eQTL汇总统计
Astrocytes,CA13,2268,0.0027081422412670083,1.0,8:85210186:G:A,-0.47550768,0.15238349,103,存在可检验cis-eQTL汇总统计
