cell_type,gene,cis_variant_count,minimum_nominal_p,bonferroni_p_within_gene,lead_variant,lead_slope,lead_slope_se,bonferroni_p_across_18888_tests,bonferroni_significant_across_18888_tests
Purkinje,CA1,0,,,,,,,False
Purkinje,CA2,0,,,,,,,False
Purkinje,CA3,2361,0.0182487526299297,1.0,rs34490550,0.6506236,0.26855916,1.0,False
Purkinje,CA13,2268,0.0004812828311655,1.0,8:86108513:A:G,0.47657755,0.12952457,1.0,False
Oligodendrocytes,CA1,0,,,,,,,False
Oligodendrocytes,CA2,2408,0.0077269497847651,1.0,8:85979076:C:T,-0.22095288,0.08033001,1.0,False
Oligodendrocytes,CA3,2361,1.200569926611447e-06,0.0028345455967296,rs141887100,1.0311339,0.19225971,0.02267636477383701,True
Oligodendrocytes,CA13,2268,0.0081931554567586,1.0,8:85979076:C:T,-0.40584686,0.14871608,1.0,False
OPC,CA1,0,,,,,,,False
OPC,CA2,0,,,,,,,False
OPC,CA3,2361,0.0032474763289694,1.0,rs11782151,-0.6119231,0.20008232,1.0,False
OPC,CA13,2268,0.0029684142185686,1.0,rs60774626,0.81691605,0.26444447,1.0,False
Granule,CA1,0,,,,,,,False
Granule,CA2,0,,,,,,,False
Granule,CA3,2361,4.1999021041576944e-08,9.915968867916317e-05,8:85230496:T:C,-0.6337409,0.10184328,0.0007932775094333053,True
Granule,CA13,2268,0.0074135809671564,1.0,rs10090327,0.4345284,0.15711121,1.0,False
MLI_1,CA1,0,,,,,,,False
MLI_1,CA2,0,,,,,,,False
MLI_1,CA3,2361,0.0094810835812844,1.0,rs111617018,0.56990445,0.21306379,1.0,False
MLI_1,CA13,2268,0.0014503036188099,1.0,8:84294883:G:A,-1.0047258,0.30183715,1.0,False
MLI_2,CA1,0,,,,,,,False
MLI_2,CA2,0,,,,,,,False
MLI_2,CA3,2361,0.0384169832853219,1.0,rs72682991,0.33337066,0.1576962,1.0,False
MLI_2,CA13,2268,0.0003442682594693,0.780800412476539,rs4960933,-0.51176965,0.13530503,1.0,False
Bergmann,CA1,0,,,,,,,False
Bergmann,CA2,0,,,,,,,False
Bergmann,CA3,2361,0.0023417754044295,1.0,8:85314559:G:A,-0.4128117,0.13023888,1.0,False
Bergmann,CA13,2268,0.0006749414134149,1.0,rs146790092,1.091903,0.30551586,1.0,False
Astrocytes,CA1,0,,,,,,,False
Astrocytes,CA2,0,,,,,,,False
Astrocytes,CA3,2361,0.0005125158245877,1.0,rs17787564,-0.95049304,0.25970092,1.0,False
Astrocytes,CA13,2268,0.002708142241267,1.0,8:85210186:G:A,-0.47550768,0.15238349,1.0,False
