"cell_type","gene_symbol","minimum_nuclei","logFC","PValue","nominal_p_lt_0_05","n_donors","n_et_donors","n_control_donors"
"Granule","CA12",10,0.856901079323845,0.000359294915081606,TRUE,109,16,93
"Purkinje","CA12",10,0.854322897017232,0.00829364639178547,TRUE,108,16,92
"Bergmann","CA12",10,0.682711455516241,0.0102310695925461,TRUE,108,16,92
"MLI_1","TET3",10,-0.168709280115114,0.029202892039081,TRUE,108,16,92
"Astrocytes","CA12",10,0.578580872530525,0.0398568081270999,TRUE,108,16,92
"OPC","CA4",10,0.384955319290438,0.0706801680706645,FALSE,108,16,92
"Oligodendrocytes","CA4",10,0.355124051634331,0.0762910444394906,FALSE,108,16,92
"Astrocytes","CA4",10,0.376206353781923,0.086168759042501,FALSE,108,16,92
"MLI_2","CA4",10,0.488774992260547,0.107341757000625,FALSE,106,16,90
"Pericytes","CA4",10,0.3738004976324,0.110174073692836,FALSE,102,16,86
"Microglia","CA3",10,-0.222979577219717,0.116688725895389,FALSE,108,16,92
"Granule","CA4",10,0.335413933501184,0.118664558564119,FALSE,109,16,93
"Purkinje","CA3",10,-0.267875324971061,0.120795585066995,FALSE,108,16,92
"Golgi","TET3",10,-0.160983023066409,0.134329133802335,FALSE,106,16,90
"Oligodendrocytes","ADCY10",10,0.321230141622777,0.136199941896058,FALSE,108,16,92
"Purkinje","TET3",10,-0.134817517610578,0.152429268018197,FALSE,108,16,92
"Microglia","CA4",10,0.330980134428527,0.1561390908406,FALSE,108,16,92
"Oligodendrocytes","TET3",10,-0.107355322250617,0.177865610565273,FALSE,108,16,92
"Bergmann","TET3",10,-0.0940349230428573,0.17915804532901,FALSE,108,16,92
"MLI_1","CA4",10,0.289179374710135,0.192658778917836,FALSE,108,16,92
"Endocytes","ADCY10",10,0.363933425189023,0.239847553563779,FALSE,107,16,91
"PLI","CA4",10,0.244079401629524,0.245732378200919,FALSE,107,16,91
"Astrocytes","ADCY10",10,-0.257001130122086,0.245770840092922,FALSE,108,16,92
"Golgi","CA3",10,-0.174083595816448,0.246144477796241,FALSE,106,16,90
"MLI_2","ADCY10",10,-0.387487902611758,0.248691122146779,FALSE,106,16,90
"Bergmann","CA4",10,0.262913599397797,0.271314535554945,FALSE,108,16,92
"Endocytes","CA4",10,0.22847789964706,0.318843394526854,FALSE,107,16,91
"Astrocytes","CA3",10,-0.1222803722038,0.338649855206257,FALSE,108,16,92
"Purkinje","CA4",10,0.256658344204814,0.342540887350959,FALSE,108,16,92
"Golgi","CA4",10,0.19008721678202,0.379085020299415,FALSE,106,16,90
"Granule","ADCY10",10,0.174030885711652,0.390699361932803,FALSE,109,16,93
"MLI_2","TET3",10,-0.0890695800184721,0.447147708335851,FALSE,106,16,90
"Endocytes","TET3",10,-0.0733704969248061,0.508841071220439,FALSE,107,16,91
"Oligodendrocytes","CA3",10,0.0730003982775996,0.564943207588482,FALSE,108,16,92
"MLI_1","CA3",10,-0.0739565196814444,0.576360284035321,FALSE,108,16,92
"Granule","TET3",10,-0.0376274852891369,0.57868288286696,FALSE,109,16,93
"UBC","CA4",10,0.141660990405416,0.598655836492921,FALSE,107,16,91
"OPC","CA3",10,0.0616995242535715,0.630810946485384,FALSE,108,16,92
"Granule","CA3",10,-0.044990048515213,0.640033585613891,FALSE,109,16,93
"Microglia","ADCY10",10,0.123976314643885,0.640657824622933,FALSE,108,16,92
"Golgi","ADCY10",10,0.0971983919675548,0.705930117831702,FALSE,106,16,90
"Endocytes","CA3",10,0.06033763530114,0.74737177954679,FALSE,107,16,91
"Astrocytes","TET3",10,-0.0265869022013627,0.757446071991121,FALSE,108,16,92
"PLI","CA3",10,-0.0506803080828081,0.763942663051972,FALSE,107,16,91
"MLI_1","ADCY10",10,0.0650789339211043,0.764398044145869,FALSE,108,16,92
"Pericytes","TET3",10,0.0456045218509849,0.775718477853463,FALSE,102,16,86
"OPC","ADCY10",10,-0.0644167001477858,0.778337589617382,FALSE,108,16,92
"OPC","TET3",10,-0.0198650826777803,0.799559596517251,FALSE,108,16,92
"UBC","CA3",10,0.0501390780281377,0.806878293775992,FALSE,107,16,91
"UBC","TET3",10,-0.0253920889185249,0.815495643336559,FALSE,107,16,91
"Bergmann","CA3",10,-0.0152545796140247,0.882038890551896,FALSE,108,16,92
"Microglia","TET3",10,-0.0124707105440649,0.899722630730452,FALSE,108,16,92
"PLI","TET3",10,-0.00762501683390596,0.943065353163356,FALSE,107,16,91
"Bergmann","ADCY10",10,-0.0139550333353933,0.9523446559402,FALSE,108,16,92
"MLI_2","CA3",10,-0.00318596815967235,0.986957755410689,FALSE,106,16,90
"Purkinje","ADCY10",10,-0.00332949369989363,0.993285994876911,FALSE,108,16,92
"Granule","CA12",20,0.856901079323845,0.000359294915081606,TRUE,109,16,93
"Purkinje","CA12",20,0.854322897017232,0.00829364639178547,TRUE,108,16,92
"Bergmann","CA12",20,0.682711455516241,0.0102310695925461,TRUE,108,16,92
"MLI_1","TET3",20,-0.168709280115114,0.029202892039081,TRUE,108,16,92
"Astrocytes","CA12",20,0.578580872530525,0.0398568081270999,TRUE,108,16,92
"OPC","CA4",20,0.395426813751345,0.0627841190385071,FALSE,107,16,91
"Oligodendrocytes","CA4",20,0.357343705068344,0.0746311728255837,FALSE,107,16,91
"Astrocytes","CA4",20,0.376206353781923,0.086168759042501,FALSE,108,16,92
"MLI_2","CA4",20,0.484296290618827,0.112283022609471,FALSE,104,16,88
"Microglia","CA3",20,-0.223631472220293,0.118532925904101,FALSE,107,16,91
"Granule","CA4",20,0.335413933501184,0.118664558564119,FALSE,109,16,93
"Pericytes","CA4",20,0.356956172364441,0.118734570195356,FALSE,101,16,85
"Purkinje","CA3",20,-0.267875324971061,0.120795585066995,FALSE,108,16,92
"Golgi","TET3",20,-0.160983023066409,0.134329133802335,FALSE,106,16,90
"Oligodendrocytes","ADCY10",20,0.323106944969538,0.136363443236451,FALSE,107,16,91
"Purkinje","TET3",20,-0.134817517610578,0.152429268018197,FALSE,108,16,92
"Microglia","CA4",20,0.333198141229955,0.154150383721058,FALSE,107,16,91
"Bergmann","TET3",20,-0.0940349230428573,0.17915804532901,FALSE,108,16,92
"Oligodendrocytes","TET3",20,-0.106523838575467,0.181407060079045,FALSE,107,16,91
"Endocytes","ADCY10",20,0.406189374770374,0.187633892425289,FALSE,103,16,87
"MLI_1","CA4",20,0.289179374710135,0.192658778917836,FALSE,108,16,92
"PLI","CA4",20,0.252016922842997,0.235122104918541,FALSE,105,16,89
"Astrocytes","ADCY10",20,-0.257001130122086,0.245770840092922,FALSE,108,16,92
"Golgi","CA3",20,-0.174083595816448,0.246144477796241,FALSE,106,16,90
"MLI_2","ADCY10",20,-0.386898858497287,0.256964015219267,FALSE,104,16,88
"Bergmann","CA4",20,0.262913599397797,0.271314535554945,FALSE,108,16,92
"Endocytes","CA4",20,0.23571910957997,0.306996280056583,FALSE,103,16,87
"Astrocytes","CA3",20,-0.1222803722038,0.338649855206257,FALSE,108,16,92
"Purkinje","CA4",20,0.256658344204814,0.342540887350959,FALSE,108,16,92
"Golgi","CA4",20,0.19008721678202,0.379085020299415,FALSE,106,16,90
"Granule","ADCY10",20,0.174030885711652,0.390699361932803,FALSE,109,16,93
"MLI_2","TET3",20,-0.0910630517182962,0.428055922724352,FALSE,104,16,88
"Endocytes","TET3",20,-0.0763865429585211,0.482598553379692,FALSE,103,16,87
"Oligodendrocytes","CA3",20,0.0717202107379026,0.571436590689065,FALSE,107,16,91
"OPC","CA3",20,0.0720711143045536,0.575301878623972,FALSE,107,16,91
"MLI_1","CA3",20,-0.0739565196814444,0.576360284035321,FALSE,108,16,92
"Granule","TET3",20,-0.0376274852891369,0.57868288286696,FALSE,109,16,93
"Microglia","ADCY10",20,0.125643089765823,0.638214121290614,FALSE,107,16,91
"Granule","CA3",20,-0.044990048515213,0.640033585613891,FALSE,109,16,93
"UBC","CA4",20,0.118462158153799,0.66858789862058,FALSE,103,16,87
"Golgi","ADCY10",20,0.0971983919675548,0.705930117831702,FALSE,106,16,90
"Endocytes","CA3",20,0.0585330578069331,0.756976999511419,FALSE,103,16,87
"Astrocytes","TET3",20,-0.0265869022013627,0.757446071991121,FALSE,108,16,92
"MLI_1","ADCY10",20,0.0650789339211043,0.764398044145869,FALSE,108,16,92
"Pericytes","TET3",20,0.0389331676395368,0.808632871112171,FALSE,101,16,85
"OPC","ADCY10",20,-0.054844724470403,0.811604992061966,FALSE,107,16,91
"PLI","CA3",20,-0.0391453757924347,0.817014984402821,FALSE,105,16,89
"OPC","TET3",20,-0.0117630028870748,0.88010297250795,FALSE,107,16,91
"Bergmann","CA3",20,-0.0152545796140247,0.882038890551896,FALSE,108,16,92
"Microglia","TET3",20,-0.00992436225364795,0.918522218122976,FALSE,107,16,91
"UBC","TET3",20,-0.00688715482051367,0.949552396230792,FALSE,103,16,87
"Bergmann","ADCY10",20,-0.0139550333353933,0.9523446559402,FALSE,108,16,92
"MLI_2","CA3",20,-0.00472569361226196,0.980786332882691,FALSE,104,16,88
"UBC","CA3",20,0.00422321010132774,0.983432090109324,FALSE,103,16,87
"Purkinje","ADCY10",20,-0.00332949369989363,0.993285994876911,FALSE,108,16,92
"PLI","TET3",20,-0.000903648551640797,0.993736385501609,FALSE,105,16,89
"Granule","CA12",30,0.856901079323845,0.000359294915081606,TRUE,109,16,93
"Purkinje","CA12",30,0.890131909591582,0.00507280121505159,TRUE,105,16,89
"Bergmann","CA12",30,0.682711455516241,0.0102310695925461,TRUE,108,16,92
"MLI_1","TET3",30,-0.168709280115114,0.029202892039081,TRUE,108,16,92
"Pericytes","CA4",30,0.510590149373099,0.0337939655058295,TRUE,91,16,75
"Astrocytes","CA12",30,0.591988815208211,0.0372799824374393,TRUE,107,16,91
"OPC","CA4",30,0.38705375485203,0.0709717611536613,FALSE,106,16,90
"Astrocytes","CA4",30,0.390139296994242,0.0779007026541755,FALSE,107,16,91
"Oligodendrocytes","CA4",30,0.356182229195299,0.0785625309289056,FALSE,106,16,90
"Purkinje","CA3",30,-0.292366994801252,0.0851024334126155,FALSE,105,16,89
"Microglia","CA3",30,-0.227648264933944,0.113940294760102,FALSE,105,16,89
"Granule","CA4",30,0.335413933501184,0.118664558564119,FALSE,109,16,93
"Purkinje","TET3",30,-0.143807541563367,0.129816460712058,FALSE,105,16,89
"Golgi","TET3",30,-0.159896130837408,0.139446610234659,FALSE,105,16,89
"Oligodendrocytes","ADCY10",30,0.323398923903057,0.140875225686655,FALSE,106,16,90
"MLI_2","CA4",30,0.456456973264088,0.150963441305755,FALSE,98,15,83
"Microglia","CA4",30,0.326882794489315,0.165401032172278,FALSE,105,16,89
"Oligodendrocytes","TET3",30,-0.110427606411018,0.165824335616694,FALSE,106,16,90
"MLI_2","ADCY10",30,-0.484588895154626,0.167078528827937,FALSE,98,15,83
"Bergmann","TET3",30,-0.0940349230428573,0.17915804532901,FALSE,108,16,92
"MLI_1","CA4",30,0.289179374710135,0.192658778917836,FALSE,108,16,92
"Endocytes","ADCY10",30,0.405901991076972,0.196314959009205,FALSE,99,16,83
"PLI","CA4",30,0.25839932842513,0.231489592942019,FALSE,98,16,82
"Golgi","CA3",30,-0.177221844775689,0.242964879572228,FALSE,105,16,89
"Purkinje","CA4",30,0.291384691088715,0.269228425609663,FALSE,105,16,89
"Bergmann","CA4",30,0.262913599397797,0.271314535554945,FALSE,108,16,92
"Astrocytes","ADCY10",30,-0.24131846009169,0.272721245520187,FALSE,107,16,91
"Endocytes","CA4",30,0.240649520663137,0.309624297677951,FALSE,99,16,83
"Golgi","CA4",30,0.189860609901568,0.384934794509459,FALSE,105,16,89
"Endocytes","TET3",30,-0.0931912894524559,0.388259746974917,FALSE,99,16,83
"Granule","ADCY10",30,0.174030885711652,0.390699361932803,FALSE,109,16,93
"Astrocytes","CA3",30,-0.107141694286348,0.390944451729546,FALSE,107,16,91
"MLI_2","TET3",30,-0.0874281248741679,0.440174410047958,FALSE,98,15,83
"MLI_1","CA3",30,-0.0739565196814444,0.576360284035321,FALSE,108,16,92
"Granule","TET3",30,-0.0376274852891369,0.57868288286696,FALSE,109,16,93
"Oligodendrocytes","CA3",30,0.0687944861341785,0.58921503498681,FALSE,106,16,90
"OPC","CA3",30,0.0615729635717972,0.632089520032179,FALSE,106,16,90
"Pericytes","TET3",30,0.0789060934495142,0.639529327543382,FALSE,91,16,75
"Granule","CA3",30,-0.044990048515213,0.640033585613891,FALSE,109,16,93
"Microglia","ADCY10",30,0.121487703540561,0.651915954195778,FALSE,105,16,89
"UBC","CA4",30,0.120154310542945,0.672463068629924,FALSE,101,15,86
"MLI_2","CA3",30,-0.0739833306989895,0.712517876854795,FALSE,98,15,83
"Golgi","ADCY10",30,0.0926707982682304,0.719146075314516,FALSE,105,16,89
"MLI_1","ADCY10",30,0.0650789339211043,0.764398044145869,FALSE,108,16,92
"Endocytes","CA3",30,0.0539754568830641,0.775317869883843,FALSE,99,16,83
"OPC","ADCY10",30,-0.0622531559927059,0.788562793495106,FALSE,106,16,90
"OPC","TET3",30,-0.0187890198617493,0.810193687039536,FALSE,106,16,90
"PLI","CA3",30,-0.0344840837622578,0.841899563133462,FALSE,98,16,82
"Purkinje","ADCY10",30,0.0430683685090143,0.85475035408639,FALSE,105,16,89
"Microglia","TET3",30,-0.0143308500184224,0.881938170375768,FALSE,105,16,89
"Bergmann","CA3",30,-0.0152545796140247,0.882038890551896,FALSE,108,16,92
"UBC","CA3",30,0.0257781034806345,0.900312586719983,FALSE,101,15,86
"PLI","TET3",30,0.0107281941449236,0.915287743858685,FALSE,98,16,82
"Astrocytes","TET3",30,-0.0082315326235834,0.924983124882366,FALSE,107,16,91
"Bergmann","ADCY10",30,-0.0139550333353933,0.9523446559402,FALSE,108,16,92
"UBC","TET3",30,0.00326569724900772,0.97694216360437,FALSE,101,15,86
